timestamp,chest_displacement,optical_flow_magnitude,pose_chest_y,movement_energy
0.0,0.00496,0.08084,0.455,0.006535
0.067,0.01035,0.06322,0.4604,0.003997
0.133,0.01339,0.02561,0.4634,0.000656
0.2,0.01377,0.00215,0.4638,5e-06
0.267,0.0131,0.00622,0.4631,3.9e-05
0.333,0.01294,0.01938,0.4629,0.000376
0.4,0.01052,0.05419,0.4605,0.002936
0.467,0.00571,0.06761,0.4557,0.00457
0.533,0.00151,0.05892,0.4515,0.003472
0.6,0.00214,0.0694,0.4479,0.004817
0.667,0.00775,0.06554,0.4423,0.004296
0.733,0.01088,0.05412,0.4391,0.002929
0.8,0.01496,0.03172,0.435,0.001006
0.867,0.01511,0.00214,0.4349,5e-06
0.933,0.01525,0.02383,0.4348,0.000568
1.0,0.01194,0.06406,0.4381,0.004104
1.067,0.00671,0.07815,0.4433,0.006107
1.133,0.00152,0.04958,0.4485,0.002458
1.2,0.0001,0.05689,0.4499,0.003236
1.267,0.00607,0.09295,0.4561,0.008639
1.333,0.0123,0.05123,0.4623,0.002625
1.4,0.0129,0.03651,0.4629,0.001333
1.467,0.01716,0.02236,0.4672,0.0005
1.533,0.01588,0.02591,0.4659,0.000671
1.6,0.01371,0.05893,0.4637,0.003473
1.667,0.00802,0.06843,0.458,0.004683
1.733,0.00459,0.05386,0.4546,0.002901
1.8,0.00084,0.07333,0.4508,0.005377
1.867,0.00519,0.07081,0.4448,0.005014
1.933,0.0086,0.05693,0.4414,0.003241
2.0,0.01278,0.04687,0.4372,0.002197
2.067,0.01485,0.02022,0.4352,0.000409
2.133,0.01548,0.00308,0.4345,9e-06
2.2,0.01444,0.03584,0.4356,0.001284
2.267,0.0107,0.0592,0.4393,0.003504
2.333,0.00655,0.07824,0.4435,0.006121
2.4,0.00027,0.08786,0.4497,0.00772
2.467,0.00517,0.06905,0.4552,0.004768
2.533,0.00894,0.04989,0.4589,0.002489
2.6,0.01182,0.03923,0.4618,0.001539
2.667,0.01417,0.01924,0.4642,0.00037
2.733,0.01439,0.00869,0.4644,7.5e-05
2.8,0.01533,0.03492,0.4653,0.001219
2.867,0.00973,0.06112,0.4597,0.003736
2.933,0.00718,0.05716,0.4572,0.003267
3.0,0.00211,0.06673,0.4521,0.004453
3.067,0.00172,0.07209,0.4483,0.005196
3.133,0.0075,0.07087,0.4425,0.005023
3.2,0.01117,0.04132,0.4388,0.001707
3.267,0.01301,0.0208,0.437,0.000433
3.333,0.01394,0.00187,0.4361,3e-06
3.4,0.01326,0.02272,0.4367,0.000516
3.467,0.01091,0.02232,0.4391,0.000498
3.533,0.01028,0.06037,0.4397,0.003644
3.6,0.00286,0.08578,0.4471,0.007357
3.667,0.00115,0.06716,0.4512,0.004511
3.733,0.00609,0.0663,0.4561,0.004396
3.8,0.00999,0.04988,0.46,0.002488
3.867,0.01274,0.02945,0.4627,0.000867
3.933,0.01392,0.00746,0.4639,5.6e-05
4.0,0.01374,0.00337,0.4637,1.1e-05
4.067,0.01347,0.01669,0.4635,0.000279
4.133,0.01151,0.05631,0.4615,0.003171
4.2,0.00596,0.08013,0.456,0.00642
4.267,0.00083,0.0791,0.4508,0.006256
4.333,0.00458,0.07227,0.4454,0.005224
4.4,0.00881,0.06367,0.4412,0.004054
4.467,0.01307,0.04328,0.4369,0.001873
4.533,0.01458,0.00962,0.4354,9.2e-05
4.6,0.01436,0.00315,0.4356,1e-05
4.667,0.015,0.03045,0.435,0.000927
4.733,0.0103,0.06947,0.4397,0.004826
4.8,0.00574,0.05959,0.4443,0.003551
4.867,0.00235,0.07058,0.4476,0.004982
4.933,0.00367,0.08085,0.4537,0.006537
5.0,0.00843,0.06205,0.4584,0.00385
5.067,0.01195,0.04285,0.4619,0.001836
5.133,0.01414,0.02627,0.4641,0.00069
5.2,0.01545,0.00947,0.4654,9e-05
5.267,0.01288,0.03836,0.4629,0.001472
5.333,0.01033,0.02777,0.4603,0.000771
5.4,0.00918,0.05249,0.4592,0.002755
5.467,0.00334,0.07489,0.4533,0.005608
5.533,0.00081,0.0588,0.4492,0.003457
5.6,0.0045,0.06739,0.4455,0.004541
5.667,0.00979,0.07539,0.4402,0.005684
5.733,0.01456,0.0344,0.4354,0.001184
5.8,0.01438,0.00581,0.4356,3.4e-05
5.867,0.01378,0.00198,0.4362,4e-06
5.933,0.01412,0.03593,0.4359,0.001291
6.0,0.00899,0.07438,0.441,0.005532
6.067,0.0042,0.07317,0.4458,0.005355
6.133,0.00077,0.07639,0.4508,0.005835
6.2,0.00599,0.06079,0.456,0.003695
6.267,0.00887,0.05993,0.4589,0.003591
6.333,0.01398,0.04361,0.464,0.001902
6.4,0.01469,0.00631,0.4647,4e-05
6.467,0.01482,0.00749,0.4648,5.6e-05
6.533,0.01369,0.02392,0.4637,0.000572
6.6,0.01163,0.05565,0.4616,0.003097
6.667,0.00627,0.06097,0.4563,0.003717
6.733,0.0035,0.06754,0.4535,0.004562
6.8,0.00274,0.082,0.4473,0.006724
6.867,0.00743,0.05058,0.4426,0.002558
6.933,0.00948,0.05745,0.4405,0.003301
7.0,0.01509,0.04866,0.4349,0.002368
7.067,0.01597,0.00319,0.434,1e-05
7.133,0.01552,0.02928,0.4345,0.000858
7.2,0.01207,0.0527,0.4379,0.002778
7.267,0.00849,0.0674,0.4415,0.004543
7.333,0.00308,0.0878,0.4469,0.007709
7.4,0.00322,0.05952,0.4532,0.003543
7.467,0.00486,0.04636,0.4549,0.00215
7.533,0.0094,0.06105,0.4594,0.003728
7.6,0.013,0.04242,0.463,0.0018
7.667,0.01505,0.00383,0.4651,1.5e-05
7.733,0.01351,0.0017,0.4635,3e-06
7.8,0.01483,0.03773,0.4648,0.001424
7.867,0.00848,0.0706,0.4585,0.004984
7.933,0.00541,0.07163,0.4554,0.005131
8.0,0.00107,0.0704,0.4489,0.004957
8.067,0.00397,0.0557,0.446,0.003102
8.133,0.0085,0.07054,0.4415,0.004977
8.2,0.01338,0.05411,0.4366,0.002927
8.267,0.01571,0.01763,0.4343,0.000311
8.333,0.01573,0.00851,0.4343,7.2e-05
8.4,0.01458,0.04305,0.4354,0.001853
8.467,0.00999,0.06152,0.44,0.003784
8.533,0.00638,0.07142,0.4436,0.0051
8.6,0.00047,0.08621,0.4495,0.007433
8.667,0.00512,0.06474,0.4551,0.004191
8.733,0.00816,0.04449,0.4582,0.00198
8.8,0.01105,0.04383,0.4611,0.001921
8.867,0.01401,0.0354,0.464,0.001253
8.933,0.01577,0.00958,0.4658,9.2e-05
9.0,0.01273,0.03226,0.4627,0.001041
9.067,0.01147,0.03122,0.4615,0.000974
9.133,0.00857,0.05352,0.4586,0.002864
9.2,0.00433,0.07831,0.4543,0.006133
9.267,0.00187,0.09082,0.4481,0.008248
9.333,0.00778,0.06786,0.4422,0.004605
9.4,0.01092,0.03352,0.4391,0.001124
9.467,0.01225,0.02736,0.4378,0.000749
9.533,0.01457,0.02143,0.4354,0.000459
9.6,0.0151,0.01775,0.4349,0.000315
9.667,0.0122,0.05211,0.4378,0.002715
9.733,0.00816,0.06035,0.4418,0.003643
9.8,0.00416,0.0687,0.4458,0.00472
9.867,0.001,0.07083,0.451,0.005017
9.933,0.00529,0.06192,0.4553,0.003834
10.0,0.00926,0.06061,0.4593,0.003674
10.067,0.01337,0.02813,0.4634,0.000791
10.133,0.01301,0.00124,0.463,2e-06
10.2,0.01354,0.00067,0.4635,0.0
10.267,0.0131,0.03117,0.4631,0.000972
10.333,0.00938,0.04527,0.4594,0.002049
10.4,0.00706,0.0617,0.4571,0.003807
10.467,0.00115,0.06448,0.4512,0.004158
10.533,0.00153,0.07084,0.4485,0.005018
10.6,0.00829,0.07947,0.4417,0.006316
10.667,0.01213,0.0554,0.4379,0.003069
10.733,0.01568,0.01445,0.4343,0.000209
10.8,0.01406,0.00243,0.4359,6e-06
10.867,0.01536,0.02632,0.4346,0.000693
10.933,0.01055,0.06772,0.4395,0.004586
11.0,0.00633,0.05956,0.4437,0.003547
11.067,0.00261,0.06913,0.4474,0.004779
11.133,0.00289,0.08613,0.4529,0.007419
11.2,0.00888,0.05421,0.4589,0.002939
11.267,0.01012,0.03504,0.4601,0.001228
11.333,0.01355,0.04973,0.4636,0.002473
11.4,0.01675,0.00735,0.4668,5.4e-05
11.467,0.01453,0.02787,0.4645,0.000777
11.533,0.01303,0.04048,0.463,0.001639
11.6,0.00913,0.06494,0.4591,0.004217
11.667,0.00438,0.07705,0.4544,0.005937
11.733,0.00114,0.07784,0.4489,0.006059
11.8,0.006,0.0772,0.444,0.005959
11.867,0.01143,0.04974,0.4386,0.002474
11.933,0.01264,0.02781,0.4374,0.000774
12.0,0.01514,0.02085,0.4349,0.000435
12.067,0.01541,0.01506,0.4346,0.000227
12.133,0.01313,0.04307,0.4369,0.001855
12.2,0.00967,0.05267,0.4403,0.002774
12.267,0.00611,0.07363,0.4439,0.005421
12.333,0.00015,0.071,0.4501,0.005041
12.4,0.00336,0.06269,0.4534,0.00393
12.467,0.0085,0.07231,0.4585,0.005228
12.533,0.013,0.04314,0.463,0.001861
12.6,0.01426,0.01552,0.4643,0.000241
12.667,0.01507,0.00042,0.4651,0.0
12.733,0.01431,0.04084,0.4643,0.001668
12.8,0.00962,0.0667,0.4596,0.00445
12.867,0.00542,0.0503,0.4554,0.00253
12.933,0.00291,0.05559,0.4529,0.00309
13.0,0.00199,0.08719,0.448,0.007602
13.067,0.00871,0.0778,0.4413,0.006053
13.133,0.01237,0.02882,0.4376,0.000831
13.2,0.01255,0.01943,0.4374,0.000378
13.267,0.01496,0.00085,0.435,1e-06
13.333,0.01244,0.01271,0.4376,0.000162
13.4,0.01326,0.01523,0.4367,0.000232
13.467,0.01041,0.07815,0.4396,0.006108
13.533,0.00284,0.08432,0.4472,0.00711
13.6,0.00083,0.07112,0.4508,0.005059
13.667,0.00664,0.0784,0.4566,0.006146
13.733,0.01129,0.04857,0.4613,0.002359
13.8,0.01312,0.0261,0.4631,0.000681
13.867,0.01477,0.01446,0.4648,0.000209
13.933,0.01504,0.01394,0.465,0.000194
14.0,0.01291,0.04503,0.4629,0.002028
14.067,0.00904,0.06528,0.459,0.004262
14.133,0.0042,0.0698,0.4542,0.004872
14.2,0.00027,0.08126,0.4497,0.006603
14.267,0.00663,0.06948,0.4434,0.004827
14.333,0.00953,0.06078,0.4405,0.003694
14.4,0.01474,0.03493,0.4353,0.00122
14.467,0.01419,0.01067,0.4358,0.000114
14.533,0.01331,0.0131,0.4367,0.000172
14.6,0.01244,0.02152,0.4376,0.000463
14.667,0.01044,0.04272,0.4396,0.001825
14.733,0.00675,0.06351,0.4433,0.004034
14.8,0.00198,0.07018,0.448,0.004926
14.867,0.00261,0.07588,0.4526,0.005758
14.933,0.00814,0.05717,0.4581,0.003268
15.0,0.01023,0.04506,0.4602,0.002031
15.067,0.01415,0.04921,0.4642,0.002422
15.133,0.0168,0.00583,0.4668,3.4e-05
15.2,0.01493,0.02891,0.4649,0.000836
15.267,0.01294,0.0415,0.4629,0.001722
15.333,0.00939,0.07903,0.4594,0.006246
15.4,0.0024,0.09917,0.4524,0.009836
15.467,0.00383,0.0765,0.4462,0.005852
15.533,0.0078,0.0441,0.4422,0.001945
15.6,0.00971,0.05009,0.4403,0.002509
15.667,0.01447,0.03197,0.4355,0.001022
15.733,0.01397,0.00238,0.436,6e-06
15.8,0.01479,0.0075,0.4352,5.6e-05
15.867,0.01297,0.04399,0.437,0.001935
15.933,0.00892,0.06218,0.4411,0.003867
16.0,0.00468,0.0666,0.4453,0.004436
16.067,4e-05,0.08267,0.45,0.006834
16.133,0.00634,0.06606,0.4563,0.004364
16.2,0.00876,0.04209,0.4588,0.001771
16.267,0.01195,0.04718,0.462,0.002226
16.333,0.01505,0.0181,0.4651,0.000328
16.4,0.01436,0.00575,0.4644,3.3e-05
16.467,0.01429,0.03146,0.4643,0.00099
16.533,0.01017,0.06156,0.4602,0.003789
16.6,0.00608,0.06895,0.4561,0.004754
16.667,0.00098,0.0919,0.451,0.008446
16.733,0.00617,0.07525,0.4438,0.005663
16.8,0.00906,0.04621,0.4409,0.002136
16.867,0.01234,0.03396,0.4377,0.001153
16.933,0.01358,0.03148,0.4364,0.000991
17.0,0.01653,0.01383,0.4335,0.000191
17.067,0.01543,0.03394,0.4346,0.001152
17.133,0.01201,0.05806,0.438,0.003371
17.2,0.00769,0.06732,0.4423,0.004533
17.267,0.00303,0.07687,0.447,0.005909
17.333,0.00256,0.05634,0.4526,0.003174
17.4,0.00448,0.06304,0.4545,0.003974
17.467,0.01097,0.06079,0.461,0.003696
17.533,0.01259,0.03979,0.4626,0.001583
17.6,0.01627,0.01519,0.4663,0.000231
17.667,0.01461,0.03112,0.4646,0.000968
17.733,0.01212,0.045,0.4621,0.002025
17.8,0.00861,0.05998,0.4586,0.003598
17.867,0.00413,0.06916,0.4541,0.004784
17.933,0.00061,0.07973,0.4494,0.006358
18.0,0.0065,0.06294,0.4435,0.003961
18.067,0.009,0.04438,0.441,0.00197
18.133,0.01242,0.04693,0.4376,0.002203
18.2,0.01526,0.01276,0.4347,0.000163
18.267,0.01412,0.00667,0.4359,4.5e-05
18.333,0.01437,0.03851,0.4356,0.001483
18.4,0.00899,0.06892,0.441,0.00475
18.467,0.00518,0.06421,0.4448,0.004123
18.533,0.00043,0.07797,0.4496,0.006079
18.6,0.00522,0.06155,0.4552,0.003789
18.667,0.00778,0.04879,0.4578,0.002381
18.733,0.01172,0.04682,0.4617,0.002192
18.8,0.01402,0.03591,0.464,0.00129
18.867,0.01651,0.00364,0.4665,1.3e-05
18.933,0.01354,0.03997,0.4635,0.001598
19.0,0.01118,0.04051,0.4612,0.001641
19.067,0.00814,0.06551,0.4581,0.004291
19.133,0.00245,0.08614,0.4524,0.00742
19.2,0.00335,0.06829,0.4467,0.004664
19.267,0.00666,0.06958,0.4433,0.004842
19.333,0.01263,0.04775,0.4374,0.00228
19.4,0.01303,0.01067,0.437,0.000114
19.467,0.01405,0.02461,0.436,0.000605
19.533,0.01631,0.01746,0.4337,0.000305
19.6,0.01172,0.0646,0.4383,0.004173
19.667,0.00769,0.06368,0.4423,0.004055
19.733,0.00323,0.07514,0.4468,0.005645
19.8,0.00232,0.05757,0.4523,0.003314
19.867,0.00444,0.06409,0.4544,0.004107
19.933,0.01087,0.06726,0.4609,0.004524
20.0,0.01341,0.03933,0.4634,0.001547
20.067,0.01611,0.0249,0.4661,0.00062
20.133,0.01673,0.02902,0.4667,0.000842
20.2,0.01224,0.05746,0.4622,0.003302
20.267,0.00907,0.04969,0.4591,0.002469
20.333,0.00562,0.06586,0.4556,0.004338
20.4,0.00029,0.08801,0.4503,0.007745
20.467,0.00612,0.06861,0.4439,0.004707
20.533,0.00886,0.04887,0.4411,0.002389
20.6,0.01263,0.05122,0.4374,0.002623
20.667,0.01569,0.02215,0.4343,0.00049
20.733,0.01558,0.03453,0.4344,0.001192
20.8,0.01108,0.0236,0.4389,0.000557
20.867,0.01244,0.03343,0.4376,0.001117
20.933,0.00663,0.07782,0.4434,0.006056
21.0,0.00206,0.0781,0.4479,0.0061
21.067,0.00379,0.07779,0.4538,0.006052
21.133,0.00831,0.05701,0.4583,0.00325
21.2,0.01139,0.04483,0.4614,0.002009
21.267,0.01429,0.02234,0.4643,0.000499
21.333,0.01437,0.00339,0.4644,1.2e-05
21.4,0.01383,0.02126,0.4638,0.000452
21.467,0.01153,0.05576,0.4615,0.00311
21.533,0.0064,0.07227,0.4564,0.005223
21.6,0.0019,0.05702,0.4519,0.003252
21.667,0.0012,0.06314,0.4488,0.003987
21.733,0.00652,0.06127,0.4435,0.003755
21.8,0.00937,0.06851,0.4406,0.004694
21.867,0.01566,0.03003,0.4343,0.000902
21.933,0.01338,0.0028,0.4366,8e-06
22.0,0.01528,0.00991,0.4347,9.8e-05
22.067,0.01206,0.05173,0.4379,0.002676
22.133,0.00839,0.07592,0.4416,0.005763
22.2,0.00193,0.06357,0.4481,0.004042
22.267,9e-05,0.06717,0.4501,0.004511
22.333,0.00702,0.06619,0.457,0.004381
22.4,0.00891,0.04706,0.4589,0.002214
22.467,0.0133,0.05425,0.4633,0.002943
22.533,0.01615,0.0055,0.4661,3e-05
22.6,0.01403,0.01616,0.464,0.000261
22.667,0.01399,0.03912,0.464,0.001531
22.733,0.00881,0.06316,0.4588,0.003989
22.8,0.00557,0.05543,0.4556,0.003073
22.867,0.00142,0.06605,0.4514,0.004363
22.933,0.00323,0.07766,0.4468,0.006031
23.0,0.00893,0.0562,0.4411,0.003159
23.067,0.01073,0.03331,0.4393,0.00111
23.133,0.01337,0.04428,0.4366,0.00196
23.2,0.01663,0.00574,0.4334,3.3e-05
23.267,0.01414,0.04631,0.4359,0.002144
23.333,0.01046,0.03611,0.4395,0.001304
23.4,0.00933,0.05872,0.4407,0.003448
23.467,0.00263,0.08488,0.4474,0.007204
23.533,0.00199,0.07404,0.452,0.005482
23.6,0.00724,0.07629,0.4572,0.00582
23.667,0.01216,0.04005,0.4622,0.001604
23.733,0.01258,0.01784,0.4626,0.000318
23.8,0.01454,0.00409,0.4645,1.7e-05
23.867,0.01313,0.00992,0.4631,9.8e-05
23.933,0.01322,0.03613,0.4632,0.001305
24.0,0.00831,0.08006,0.4583,0.00641
24.067,0.00254,0.07175,0.4525,0.005149
24.133,0.00125,0.0684,0.4487,0.004678
24.2,0.00658,0.05886,0.4434,0.003464
24.267,0.0091,0.04774,0.4409,0.002279
24.333,0.01294,0.03444,0.4371,0.001186
24.4,0.01369,0.01891,0.4363,0.000358
24.467,0.01546,0.00532,0.4345,2.8e-05
24.533,0.01298,0.03753,0.437,0.001408
24.6,0.01046,0.06556,0.4395,0.004298
24.667,0.00424,0.06609,0.4458,0.004368
24.733,0.00165,0.06535,0.4484,0.00427
24.8,0.00447,0.07596,0.4545,0.005769
24.867,0.00848,0.05198,0.4585,0.002702
24.933,0.0114,0.05238,0.4614,0.002744
25.0,0.01547,0.03063,0.4655,0.000938
25.067,0.01548,0.01747,0.4655,0.000305
25.133,0.01314,0.04417,0.4631,0.001951
25.2,0.0096,0.04358,0.4596,0.0019
25.267,0.00732,0.05442,0.4573,0.002962
25.333,0.00234,0.0749,0.4523,0.00561
25.4,0.00266,0.06224,0.4473,0.003874
25.467,0.00596,0.06139,0.444,0.003769
25.533,0.01085,0.06862,0.4392,0.004708
25.6,0.01511,0.02498,0.4349,0.000624
25.667,0.01418,0.02437,0.4358,0.000594
25.733,0.01186,0.02018,0.4381,0.000407
25.8,0.01149,0.02459,0.4385,0.000605
25.867,0.00858,0.05849,0.4414,0.003421
25.933,0.00369,0.08416,0.4463,0.007082
26.0,0.00264,0.0567,0.4526,0.003214
26.067,0.00387,0.06753,0.4539,0.00456
26.133,0.01164,0.06777,0.4616,0.004592
26.2,0.01291,0.02773,0.4629,0.000769
26.267,0.01534,0.02283,0.4653,0.000521
26.333,0.01595,0.01676,0.4659,0.000281
26.4,0.01311,0.04461,0.4631,0.00199
26.467,0.01,0.04884,0.46,0.002385
26.533,0.0066,0.07277,0.4566,0.005296
26.6,0.0003,0.09935,0.4503,0.009871
26.667,0.00665,0.06219,0.4433,0.003868
26.733,0.008,0.05922,0.442,0.003507
26.8,0.01455,0.04779,0.4355,0.002284
26.867,0.01437,0.0011,0.4356,1e-06
26.933,0.01469,0.00344,0.4353,1.2e-05
27.0,0.01391,0.03545,0.4361,0.001257
27.067,0.00997,0.04302,0.44,0.001851
27.133,0.00817,0.06456,0.4418,0.004168
27.2,0.00136,0.08551,0.4486,0.007313
27.267,0.00323,0.06888,0.4532,0.004744
27.333,0.00782,0.07348,0.4578,0.005399
27.4,0.01303,0.04063,0.463,0.001651
27.467,0.01324,0.02443,0.4632,0.000597
27.533,0.01629,0.00646,0.4663,4.2e-05
27.6,0.0141,0.0417,0.4641,0.001739
27.667,0.01072,0.03603,0.4607,0.001298
27.733,0.0093,0.05905,0.4593,0.003487
27.8,0.00285,0.06808,0.4529,0.004635
27.867,0.00022,0.06925,0.4502,0.004796
27.933,0.00638,0.10464,0.4436,0.010949
28.0,0.01373,0.04825,0.4363,0.002328
28.067,0.01282,0.01442,0.4372,0.000208
28.133,0.01565,0.01945,0.4343,0.000378
28.2,0.01541,0.02388,0.4346,0.00057
28.267,0.01247,0.03427,0.4375,0.001174
28.333,0.01084,0.05656,0.4392,0.003199
28.4,0.00493,0.08703,0.4451,0.007574
28.467,0.00076,0.06913,0.4508,0.004779
28.533,0.00429,0.07405,0.4543,0.005483
28.6,0.01064,0.04949,0.4606,0.002449
28.667,0.01089,0.02347,0.4609,0.000551
28.733,0.01377,0.02977,0.4638,0.000886
28.8,0.01486,0.00588,0.4649,3.5e-05
28.867,0.01298,0.01542,0.463,0.000238
28.933,0.0128,0.03456,0.4628,0.001194
29.0,0.00837,0.08867,0.4584,0.007862
29.067,0.00098,0.08221,0.451,0.006759
29.133,0.00259,0.07083,0.4474,0.005018
29.2,0.00846,0.07014,0.4415,0.004919
29.267,0.01194,0.03341,0.4381,0.001116
29.333,0.01292,0.01139,0.4371,0.00013
29.4,0.01346,0.01008,0.4365,0.000102
29.467,0.01426,0.0153,0.4357,0.000234
29.533,0.01142,0.04597,0.4386,0.002113
29.6,0.00813,0.0613,0.4419,0.003758
29.667,0.00325,0.06598,0.4468,0.004353
29.733,0.00066,0.05966,0.4507,0.003559
29.8,0.00471,0.08672,0.4547,0.00752
29.867,0.01223,0.06669,0.4622,0.004447
29.933,0.0136,0.02698,0.4636,0.000728
30.0,0.01582,0.00423,0.4658,1.8e-05
30.067,0.01416,0.01226,0.4642,0.00015
30.133,0.01419,0.03058,0.4642,0.000935
30.2,0.01009,0.06494,0.4601,0.004218
30.267,0.00553,0.07586,0.4555,0.005754
30.333,3e-05,0.07939,0.45,0.006302
30.4,0.00506,0.08438,0.4449,0.007121
30.467,0.01128,0.05616,0.4387,0.003154
30.533,0.01254,0.02561,0.4375,0.000656
30.6,0.01469,0.01953,0.4353,0.000381
30.667,0.01515,0.00586,0.4349,3.4e-05
30.733,0.01391,0.05155,0.4361,0.002657
30.8,0.00828,0.06874,0.4417,0.004725
30.867,0.00475,0.04723,0.4453,0.002231
30.933,0.00198,0.075,0.448,0.005625
31.0,0.00525,0.07647,0.4553,0.005848
31.067,0.00822,0.04678,0.4582,0.002188
31.133,0.01149,0.05195,0.4615,0.002699
31.2,0.01515,0.02067,0.4651,0.000427
31.267,0.01425,0.02273,0.4642,0.000517
31.333,0.01212,0.0196,0.4621,0.000384
31.4,0.01163,0.04831,0.4616,0.002334
31.467,0.00567,0.06594,0.4557,0.004349
31.533,0.00284,0.07876,0.4528,0.006204
31.6,0.00483,0.07401,0.4452,0.005477
31.667,0.00703,0.03963,0.443,0.00157
31.733,0.01011,0.05599,0.4399,0.003135
31.8,0.01449,0.03447,0.4355,0.001188
31.867,0.01471,0.00051,0.4353,0.0
31.933,0.01443,0.02046,0.4356,0.000418
32.0,0.01198,0.0388,0.438,0.001506
32.067,0.00925,0.06499,0.4407,0.004224
32.133,0.00331,0.07783,0.4467,0.006058
32.2,0.00112,0.06944,0.4511,0.004822
32.267,0.00595,0.07283,0.4559,0.005304
32.333,0.01083,0.05214,0.4608,0.002719
32.4,0.0129,0.04434,0.4629,0.001966
32.467,0.01675,0.00733,0.4667,5.4e-05
32.533,0.01388,0.02685,0.4639,0.000721
32.6,0.01317,0.02739,0.4632,0.00075
32.667,0.01022,0.03656,0.4602,0.001337
32.733,0.00829,0.06759,0.4583,0.004568
32.8,0.00121,0.08132,0.4512,0.006614
32.867,0.00255,0.07091,0.4474,0.005029
32.933,0.00824,0.06901,0.4418,0.004762
33.0,0.01175,0.05077,0.4382,0.002577
33.067,0.01501,0.02208,0.435,0.000487
33.133,0.0147,0.02108,0.4353,0.000445
33.2,0.0122,0.02584,0.4378,0.000668
33.267,0.01125,0.03706,0.4388,0.001373
33.333,0.00726,0.06475,0.4427,0.004193
33.4,0.00262,0.07195,0.4474,0.005176
33.467,0.00233,0.08117,0.4523,0.006588
33.533,0.00821,0.06298,0.4582,0.003966
33.6,0.01073,0.04478,0.4607,0.002005
33.667,0.01418,0.02819,0.4642,0.000795
33.733,0.01449,0.00156,0.4645,2e-06
33.8,0.01438,0.01249,0.4644,0.000156
33.867,0.01282,0.04043,0.4628,0.001634
33.933,0.00899,0.0876,0.459,0.007673
34.0,0.00114,0.06711,0.4511,0.004504
34.067,5e-05,0.04549,0.45,0.002069
34.133,0.00492,0.09008,0.4451,0.008115
34.2,0.01197,0.0756,0.438,0.005715
34.267,0.015,0.01577,0.435,0.000249
34.333,0.01407,0.00517,0.4359,2.7e-05
34.4,0.01431,0.00285,0.4357,8e-06
34.467,0.01369,0.02913,0.4363,0.000849
34.533,0.01043,0.05616,0.4396,0.003154
34.6,0.0062,0.08427,0.4438,0.007102
34.667,0.00081,0.08728,0.4508,0.007617
34.733,0.00544,0.05975,0.4554,0.00357
34.8,0.00877,0.04908,0.4588,0.002408
34.867,0.01198,0.05044,0.462,0.002544
34.933,0.0155,0.02007,0.4655,0.000403
35.0,0.01465,0.02108,0.4647,0.000445
35.067,0.01269,0.0228,0.4627,0.00052
35.133,0.01161,0.05622,0.4616,0.003161
35.2,0.00519,0.07943,0.4552,0.006309
35.267,0.00102,0.0645,0.451,0.00416
35.333,0.00341,0.0585,0.4466,0.003422
35.4,0.00678,0.05832,0.4432,0.003401
35.467,0.01118,0.05808,0.4388,0.003374
35.533,0.01452,0.03303,0.4355,0.001091
35.6,0.01559,0.0079,0.4344,6.2e-05
35.667,0.01347,0.01879,0.4365,0.000353
35.733,0.01308,0.04043,0.4369,0.001635
35.8,0.00808,0.08345,0.4419,0.006965
35.867,0.00195,0.07153,0.448,0.005117
35.933,0.00146,0.06074,0.4515,0.003689
36.0,0.00614,0.0708,0.4561,0.005012
36.067,0.0109,0.07269,0.4609,0.005284
36.133,0.01584,0.03351,0.4658,0.001123
36.2,0.01537,0.00979,0.4654,9.6e-05
36.267,0.01453,0.00647,0.4645,4.2e-05
36.333,0.01451,0.03183,0.4645,0.001013
36.4,0.01029,0.07434,0.4603,0.005526
36.467,0.00459,0.08259,0.4546,0.006821
36.533,0.00073,0.0704,0.4493,0.004956
36.6,0.00479,0.0727,0.4452,0.005285
36.667,0.01042,0.05788,0.4396,0.00335
36.733,0.01251,0.03828,0.4375,0.001465
36.8,0.01552,0.01742,0.4345,0.000303
36.867,0.01483,0.02068,0.4352,0.000428
36.933,0.01277,0.03477,0.4372,0.001209
37.0,0.0102,0.04101,0.4398,0.001682
37.067,0.0073,0.06966,0.4427,0.004853
37.133,0.00091,0.09106,0.4491,0.008292
37.2,0.00484,0.06614,0.4548,0.004375
37.267,0.00791,0.05092,0.4579,0.002593
37.333,0.01163,0.05715,0.4616,0.003266
37.4,0.01553,0.00954,0.4655,9.1e-05
37.467,0.01291,0.01078,0.4629,0.000116
37.533,0.01697,0.01807,0.467,0.000326
37.6,0.0105,0.06622,0.4605,0.004385
37.667,0.00814,0.05159,0.4581,0.002662
37.733,0.00362,0.07341,0.4536,0.005389
37.8,0.00165,0.07162,0.4484,0.005129
37.867,0.00593,0.05834,0.4441,0.003403
37.933,0.00943,0.06102,0.4406,0.003724
38.0,0.01407,0.04397,0.4359,0.001934
38.067,0.01529,0.0045,0.4347,2e-05
38.133,0.01347,0.01898,0.4365,0.00036
38.2,0.01276,0.03998,0.4372,0.001598
38.267,0.00814,0.07172,0.4419,0.005144
38.333,0.0032,0.06537,0.4468,0.004273
38.4,0.00058,0.06455,0.4506,0.004166
38.467,0.00541,0.08501,0.4554,0.007227
38.533,0.01191,0.05133,0.4619,0.002634
38.6,0.01225,0.03058,0.4623,0.000935
38.667,0.01599,0.00294,0.466,9e-06
38.733,0.01265,0.01771,0.4626,0.000314
38.8,0.01363,0.01347,0.4636,0.000181
38.867,0.01085,0.05749,0.4609,0.003305
38.933,0.00596,0.06571,0.456,0.004318
39.0,0.00209,0.08209,0.4521,0.006739
39.067,0.00498,0.09307,0.445,0.008663
39.133,0.01032,0.06118,0.4397,0.003743
39.2,0.01314,0.03166,0.4369,0.001003
39.267,0.01454,0.01416,0.4355,0.0002
39.333,0.01503,0.00674,0.435,4.5e-05
39.4,0.01364,0.0314,0.4364,0.000986
39.467,0.01084,0.05068,0.4392,0.002569
39.533,0.00689,0.07231,0.4431,0.005229
39.6,0.0012,0.0887,0.4488,0.007867
39.667,0.00494,0.0522,0.4549,0.002724
39.733,0.00576,0.04012,0.4558,0.001609
39.8,0.01029,0.06101,0.4603,0.003723
39.867,0.0139,0.0439,0.4639,0.001928
39.933,0.01614,0.00014,0.4661,0.0
40.0,0.01392,0.01847,0.4639,0.000341
40.067,0.01368,0.05171,0.4637,0.002674
40.133,0.00702,0.07401,0.457,0.005478
40.2,0.00381,0.05194,0.4538,0.002698
40.267,0.0001,0.08061,0.4501,0.006497
40.333,0.00694,0.07337,0.4431,0.005383
40.4,0.00969,0.05297,0.4403,0.002806
40.467,0.014,0.03226,0.436,0.001041
40.533,0.01399,0.01662,0.436,0.000276
40.6,0.01621,0.01096,0.4338,0.00012
40.667,0.01253,0.04598,0.4375,0.002114
40.733,0.01008,0.04794,0.4399,0.002299
40.8,0.00613,0.0646,0.4439,0.004173
40.867,0.00147,0.08391,0.4485,0.007041
40.933,0.00505,0.07497,0.4551,0.005621
41.0,0.00853,0.04635,0.4585,0.002149
41.067,0.01123,0.03995,0.4612,0.001596
41.133,0.01385,0.03613,0.4639,0.001305
41.2,0.01605,0.00639,0.4661,4.1e-05
41.267,0.0147,0.03224,0.4647,0.001039
41.333,0.01175,0.07054,0.4618,0.004976
41.4,0.0053,0.08799,0.4553,0.007742
41.467,2e-05,0.06309,0.45,0.00398
41.533,0.00311,0.06748,0.4469,0.004553
41.6,0.00898,0.06134,0.441,0.003762
41.667,0.01129,0.02272,0.4387,0.000516
41.733,0.01201,0.02945,0.438,0.000867
41.8,0.01522,0.02053,0.4348,0.000422
41.867,0.01474,0.02132,0.4353,0.000455
41.933,0.01238,0.06967,0.4376,0.004854
42.0,0.00545,0.06388,0.4445,0.004081
42.067,0.00386,0.05253,0.4461,0.002759
42.133,0.00155,0.08102,0.4515,0.006564
42.2,0.00694,0.06033,0.4569,0.003639
42.267,0.00959,0.03983,0.4596,0.001587
42.333,0.01226,0.0402,0.4623,0.001616
42.4,0.01495,0.01918,0.465,0.000368
42.467,0.01481,0.00767,0.4648,5.9e-05
42.533,0.01393,0.04475,0.4639,0.002002
42.6,0.00885,0.05153,0.4588,0.002656
42.667,0.00706,0.06374,0.4571,0.004062
42.733,0.00035,0.08921,0.4503,0.007958
42.8,0.00484,0.06885,0.4452,0.004741
42.867,0.00883,0.07679,0.4412,0.005896
42.933,0.01507,0.03128,0.4349,0.000978
43.0,0.013,0.0046,0.437,2.1e-05
43.067,0.01569,0.00281,0.4343,8e-06
43.133,0.01263,0.04621,0.4374,0.002136
43.2,0.00953,0.05569,0.4405,0.003101
43.267,0.0052,0.07128,0.4448,0.005081
43.333,2e-05,0.07812,0.45,0.006103
43.4,0.00521,0.06315,0.4552,0.003988
43.467,0.0084,0.05338,0.4584,0.00285
43.533,0.01233,0.03482,0.4623,0.001212
43.6,0.01304,0.00567,0.463,3.2e-05
43.667,0.01309,0.00221,0.4631,5e-06
43.733,0.01275,0.01917,0.4627,0.000367
43.8,0.01053,0.02459,0.4605,0.000604
43.867,0.00947,0.04866,0.4595,0.002368
43.933,0.00404,0.07884,0.454,0.006215
44.0,0.00104,0.06998,0.449,0.004897
44.067,0.00529,0.0765,0.4447,0.005852
44.133,0.01124,0.05494,0.4388,0.003018
44.2,0.01261,0.01895,0.4374,0.000359
44.267,0.01377,0.02737,0.4362,0.000749
44.333,0.01626,0.00791,0.4337,6.3e-05
44.4,0.01271,0.05639,0.4373,0.00318
44.467,0.00874,0.06924,0.4413,0.004794
44.533,0.00348,0.06768,0.4465,0.004581
44.6,0.00028,0.07443,0.4503,0.005539
44.667,0.00644,0.07273,0.4564,0.00529
44.733,0.00998,0.061,0.46,0.003721
44.8,0.01458,0.04514,0.4646,0.002037
44.867,0.016,0.00044,0.466,0.0
44.933,0.01452,0.02071,0.4645,0.000429
45.0,0.01324,0.02765,0.4632,0.000764
45.067,0.01083,0.04897,0.4608,0.002398
45.133,0.00671,0.07764,0.4567,0.006029
45.2,0.00048,0.08336,0.4505,0.006949
45.267,0.00441,0.08265,0.4456,0.006831
45.333,0.01054,0.05511,0.4395,0.003038
45.4,0.01176,0.02472,0.4382,0.000611
45.467,0.01384,0.0123,0.4362,0.000151
45.533,0.0134,5e-05,0.4366,0.0
45.6,0.01385,0.01456,0.4362,0.000212
45.667,0.01146,0.03392,0.4385,0.001151
45.733,0.00932,0.06547,0.4407,0.004287
45.8,0.00273,0.08848,0.4473,0.007829
45.867,0.00247,0.07694,0.4525,0.00592
45.933,0.00753,0.07257,0.4575,0.005267
46.0,0.01215,0.05934,0.4622,0.003522
46.067,0.01545,0.02629,0.4654,0.000691
46.133,0.01566,0.01231,0.4657,0.000152
46.2,0.0138,0.04062,0.4638,0.00165
46.267,0.01024,0.03052,0.4602,0.000931
46.333,0.00973,0.05035,0.4597,0.002535
46.4,0.00353,0.07661,0.4535,0.005869
46.467,0.00048,0.07414,0.4495,0.005497
46.533,0.00636,0.0761,0.4436,0.005791
46.6,0.01063,0.05642,0.4394,0.003184
46.667,0.01388,0.04168,0.4361,0.001737
46.733,0.01618,0.00778,0.4338,6e-05
46.8,0.01492,0.03383,0.4351,0.001145
46.867,0.01167,0.04872,0.4383,0.002373
46.933,0.00842,0.03046,0.4416,0.000928
47.0,0.00761,0.05846,0.4424,0.003418
47.067,0.00063,0.08219,0.4494,0.006755
47.133,0.00335,0.06488,0.4533,0.00421
47.2,0.00802,0.07272,0.458,0.005288
47.267,0.01304,0.05824,0.463,0.003392
47.333,0.01579,0.02954,0.4658,0.000872
47.4,0.01698,0.02194,0.467,0.000481
47.467,0.01286,0.04159,0.4629,0.001729
47.533,0.01144,0.03878,0.4614,0.001504
47.6,0.00769,0.06535,0.4577,0.004271
47.667,0.00272,0.08014,0.4527,0.006422
47.733,0.00299,0.06704,0.447,0.004494
47.8,0.00622,0.06528,0.4438,0.004262
47.867,0.0117,0.06939,0.4383,0.004814
47.933,0.01547,0.01888,0.4345,0.000356
48.0,0.01422,0.0284,0.4358,0.000806
48.067,0.01168,0.02022,0.4383,0.000409
48.133,0.01152,0.01963,0.4385,0.000385
48.2,0.00906,0.05348,0.4409,0.00286
48.267,0.00439,0.07904,0.4456,0.006248
48.333,0.00148,0.07326,0.4515,0.005367
48.4,0.00538,0.05474,0.4554,0.002997
48.467,0.00878,0.05828,0.4588,0.003397
48.533,0.01315,0.03621,0.4632,0.001311
48.6,0.0136,0.01574,0.4636,0.000248
48.667,0.01525,0.00978,0.4652,9.6e-05
48.733,0.0123,0.03391,0.4623,0.00115
48.8,0.01073,0.05717,0.4607,0.003268
48.867,0.00468,0.07547,0.4547,0.005696
48.933,0.00067,0.09185,0.4507,0.008437
49.0,0.00757,0.06604,0.4424,0.004362
49.067,0.00814,0.02807,0.4419,0.000788
49.133,0.01131,0.04887,0.4387,0.002388
49.2,0.01466,0.02842,0.4353,0.000808
49.267,0.0151,0.00649,0.4349,4.2e-05
49.333,0.01379,0.03932,0.4362,0.001546
49.4,0.00986,0.04956,0.4401,0.002456
49.467,0.00718,0.05459,0.4428,0.00298
49.533,0.00258,0.08764,0.4474,0.00768
49.6,0.0045,0.06713,0.4545,0.004506
49.667,0.00637,0.06235,0.4564,0.003887
49.733,0.01281,0.06476,0.4628,0.004194
49.8,0.01501,0.02531,0.465,0.00064
49.867,0.01619,0.00303,0.4662,9e-06
49.933,0.0146,0.02465,0.4646,0.000607
50.0,0.0129,0.05488,0.4629,0.003012
50.067,0.00728,0.07028,0.4573,0.004939
50.133,0.00353,0.07039,0.4535,0.004955
50.2,0.0021,0.0789,0.4479,0.006226
50.267,0.00699,0.06497,0.443,0.004222
50.333,0.01076,0.04494,0.4392,0.002019
50.4,0.01298,0.02657,0.437,0.000706
50.467,0.01431,0.01813,0.4357,0.000329
50.533,0.0154,0.01511,0.4346,0.000228
50.6,0.01229,0.04887,0.4377,0.002388
50.667,0.00888,0.06053,0.4411,0.003664
50.733,0.00422,0.07061,0.4458,0.004986
50.8,0.00053,0.07882,0.4505,0.006212
50.867,0.00629,0.06925,0.4563,0.004795
50.933,0.00977,0.05328,0.4598,0.002838
51.0,0.01339,0.02964,0.4634,0.000878
51.067,0.01372,0.01743,0.4637,0.000304
51.133,0.01572,0.00051,0.4657,0.0
51.2,0.01365,0.05872,0.4637,0.003448
51.267,0.00789,0.05828,0.4579,0.003397
51.333,0.00588,0.03987,0.4559,0.001589
51.4,0.00257,0.06904,0.4526,0.004767
51.467,0.00333,0.08634,0.4467,0.007454
51.533,0.00894,0.0727,0.4411,0.005285
51.6,0.01302,0.0422,0.437,0.001781
51.667,0.01457,0.02077,0.4354,0.000431
51.733,0.01579,0.0152,0.4342,0.000231
51.8,0.01659,0.03215,0.4334,0.001034
51.867,0.0115,0.05379,0.4385,0.002894
51.933,0.00942,0.0568,0.4406,0.003227
52.0,0.00393,0.09115,0.4461,0.008308
52.067,0.00273,0.08514,0.4527,0.007249
52.133,0.00742,0.04723,0.4574,0.002231
52.2,0.00903,0.05796,0.459,0.003359
52.267,0.01515,0.02964,0.4652,0.000879
52.333,0.01298,0.00733,0.463,5.4e-05
52.4,0.01418,0.0018,0.4642,3e-06
52.467,0.01274,0.02882,0.4627,0.00083
52.533,0.01033,0.05086,0.4603,0.002587
52.6,0.00596,0.08532,0.456,0.00728
52.667,0.00104,0.08673,0.449,0.007522
52.733,0.0056,0.06743,0.4444,0.004547
52.8,0.01003,0.05614,0.44,0.003152
52.867,0.01309,0.03984,0.4369,0.001588
52.933,0.01535,0.01237,0.4347,0.000153
53.0,0.01474,0.02587,0.4353,0.000669
53.067,0.0119,0.02877,0.4381,0.000828
53.133,0.0109,0.03617,0.4391,0.001308
53.2,0.00707,0.08296,0.4429,0.006882
53.267,0.00016,0.07403,0.4502,0.00548
53.333,0.0028,0.06461,0.4528,0.004175
53.4,0.00877,0.06708,0.4588,0.004499
53.467,0.01174,0.04076,0.4617,0.001661
53.533,0.01421,0.02325,0.4642,0.00054
53.6,0.01484,0.00552,0.4648,3e-05
53.667,0.01347,0.02099,0.4635,0.00044
53.733,0.01204,0.03666,0.462,0.001344
53.8,0.00859,0.07792,0.4586,0.006072
53.867,0.00165,0.08461,0.4517,0.007159
53.933,0.0027,0.05914,0.4473,0.003497
54.0,0.00623,0.07511,0.4438,0.005641
54.067,0.01271,0.05776,0.4373,0.003336
54.133,0.01394,0.01839,0.4361,0.000338
54.2,0.01516,0.00598,0.4348,3.6e-05
54.267,0.01473,0.01176,0.4353,0.000138
54.333,0.01359,0.03996,0.4364,0.001597
54.4,0.00941,0.06977,0.4406,0.004867
54.467,0.00429,0.08056,0.4457,0.00649
54.533,0.00134,0.08036,0.4513,0.006458
54.6,0.00642,0.07286,0.4564,0.005308
54.667,0.01105,0.05225,0.4611,0.00273
54.733,0.01339,0.02382,0.4634,0.000567
54.8,0.01423,0.02218,0.4642,0.000492
54.867,0.01635,0.01279,0.4663,0.000164
54.933,0.01252,0.03846,0.4625,0.001479
55.0,0.01122,0.05166,0.4612,0.002669
55.067,0.00563,0.08039,0.4556,0.006463
55.133,0.0005,0.05901,0.4505,0.003483
55.2,0.00224,0.07165,0.4478,0.005134
55.267,0.00906,0.07412,0.4409,0.005493
55.333,0.01212,0.04099,0.4379,0.00168
55.4,0.01452,0.01841,0.4355,0.000339
55.467,0.01457,0.02016,0.4354,0.000407
55.533,0.01183,0.03582,0.4382,0.001283
55.6,0.0098,0.03686,0.4402,0.001359
55.667,0.00692,0.05198,0.4431,0.002702
55.733,0.00287,0.07683,0.4471,0.005903
55.8,0.00333,0.06431,0.4533,0.004136
55.867,0.00571,0.0617,0.4557,0.003807
55.933,0.01155,0.04232,0.4616,0.001791
56.0,0.01135,0.02265,0.4614,0.000513
56.067,0.01457,0.01916,0.4646,0.000367
56.133,0.01391,0.01795,0.4639,0.000322
56.2,0.01218,0.04578,0.4622,0.002096
56.267,0.0078,0.06198,0.4578,0.003842
56.333,0.00392,0.07016,0.4539,0.004922
56.4,0.00155,0.0808,0.4484,0.006529
56.467,0.00686,0.07412,0.4431,0.005494
56.533,0.01144,0.0591,0.4386,0.003493
56.6,0.01474,0.04209,0.4353,0.001772
56.667,0.01705,0.00256,0.433,7e-06
56.733,0.01508,0.02826,0.4349,0.000799
56.8,0.01328,0.06379,0.4367,0.004069
56.867,0.00658,0.05874,0.4434,0.00345
56.933,0.00545,0.03402,0.4446,0.001158
57.0,0.00204,0.08144,0.448,0.006632
57.067,0.00541,0.07447,0.4554,0.005546
57.133,0.00789,0.03996,0.4579,0.001597
57.2,0.01074,0.06189,0.4607,0.00383
57.267,0.01614,0.01831,0.4661,0.000335
57.333,0.01318,0.00796,0.4632,6.3e-05
57.4,0.01508,0.02759,0.4651,0.000761
57.467,0.0095,0.0658,0.4595,0.00433
57.533,0.00631,0.05898,0.4563,0.003478
57.6,0.00164,0.06361,0.4516,0.004046
57.667,0.00217,0.06234,0.4478,0.003887
57.733,0.00668,0.07784,0.4433,0.006059
57.8,0.01255,0.05682,0.4374,0.003228
57.867,0.01425,0.01617,0.4357,0.000261
57.933,0.01471,0.00623,0.4353,3.9e-05
58.0,0.01508,0.02545,0.4349,0.000647
58.067,0.01132,0.0484,0.4387,0.002342
58.133,0.00863,0.04737,0.4414,0.002244
58.2,0.005,0.07449,0.445,0.005549
58.267,0.0013,0.09607,0.4513,0.00923
58.333,0.00781,0.05444,0.4578,0.002964
58.4,0.00856,0.04768,0.4586,0.002273
58.467,0.01417,0.04105,0.4642,0.001685
58.533,0.01403,0.00153,0.464,2e-06
58.6,0.01396,0.00982,0.464,9.6e-05
58.667,0.01273,0.03227,0.4627,0.001041
58.733,0.00966,0.05565,0.4597,0.003097
58.8,0.00531,0.07697,0.4553,0.005925
58.867,0.0006,0.08175,0.4494,0.006684
58.933,0.0056,0.06972,0.4444,0.004861
59.0,0.0099,0.04602,0.4401,0.002118
59.067,0.01173,0.03056,0.4383,0.000934
59.133,0.01397,0.02554,0.436,0.000652
59.2,0.01514,0.00366,0.4349,1.3e-05
59.267,0.01446,0.01782,0.4355,0.000317
59.333,0.01276,0.06139,0.4372,0.003769
59.4,0.00627,0.10556,0.4437,0.011143
59.467,0.00131,0.06836,0.4513,0.004673
59.533,0.00284,0.05721,0.4528,0.003273
59.6,0.00894,0.07385,0.4589,0.005453
59.667,0.01269,0.03802,0.4627,0.001446
59.733,0.01401,0.02509,0.464,0.000629
59.8,0.01603,0.00568,0.466,3.2e-05
59.867,0.01325,0.0378,0.4633,0.001429
59.933,0.01099,0.04461,0.461,0.00199
60.0,0.00731,0.07259,0.4573,0.005269
60.067,0.00131,0.06718,0.4513,0.004513
60.133,0.00165,0.06442,0.4483,0.00415
60.2,0.00727,0.05532,0.4427,0.003061
60.267,0.00903,0.0602,0.441,0.003623
60.333,0.0153,0.04653,0.4347,0.002165
60.4,0.01523,0.01737,0.4348,0.000302
60.467,0.01298,0.02059,0.437,0.000424
60.533,0.01249,0.05457,0.4375,0.002978
60.6,0.00571,0.06203,0.4443,0.003848
60.667,0.00422,0.05265,0.4458,0.002772
60.733,0.00131,0.07367,0.4513,0.005428
60.8,0.00561,0.07329,0.4556,0.005371
60.867,0.01108,0.05584,0.4611,0.003118
60.933,0.01305,0.03411,0.4631,0.001163
61.0,0.01563,0.01749,0.4656,0.000306
61.067,0.01538,0.01694,0.4654,0.000287
61.133,0.01337,0.0525,0.4634,0.002757
61.2,0.00838,0.05867,0.4584,0.003442
61.267,0.00555,0.05653,0.4556,0.003196
61.333,0.00085,0.07462,0.4508,0.005569
61.4,0.0044,0.07774,0.4456,0.006044
61.467,0.00952,0.06655,0.4405,0.004428
61.533,0.01327,0.03489,0.4367,0.001218
61.6,0.01417,0.01079,0.4358,0.000116
61.667,0.01471,0.0277,0.4353,0.000767
61.733,0.01048,0.02095,0.4395,0.000439
61.8,0.01192,0.02449,0.4381,0.0006
61.867,0.00721,0.06791,0.4428,0.004612
61.933,0.00286,0.06916,0.4471,0.004783
62.0,0.00201,0.07374,0.452,0.005437
62.067,0.00697,0.06728,0.457,0.004527
62.133,0.01098,0.04691,0.461,0.002201
62.2,0.01322,0.02955,0.4632,0.000873
62.267,0.01492,0.0158,0.4649,0.00025
62.333,0.01533,0.02739,0.4653,0.00075
62.4,0.01127,0.05758,0.4613,0.003315
62.467,0.00765,0.06571,0.4577,0.004317
62.533,0.00251,0.07274,0.4525,0.005291
62.6,0.00204,0.05998,0.448,0.003598
62.667,0.00549,0.06674,0.4445,0.004454
62.733,0.01094,0.05626,0.4391,0.003165
62.8,0.01299,0.02261,0.437,0.000511
62.867,0.01396,0.00269,0.436,7e-06
62.933,0.01264,0.01196,0.4374,0.000143
63.0,0.01236,0.03499,0.4376,0.001224
63.067,0.00797,0.0532,0.442,0.00283
63.133,0.00527,0.04137,0.4447,0.001712
63.2,0.00245,0.08007,0.4475,0.006411
63.267,0.00541,0.09032,0.4554,0.008158
63.333,0.00959,0.05439,0.4596,0.002959
63.4,0.01266,0.04127,0.4627,0.001704
63.467,0.01509,0.00665,0.4651,4.4e-05
63.533,0.01355,0.00133,0.4635,2e-06
63.6,0.01491,0.02094,0.4649,0.000438
63.667,0.01075,0.04811,0.4608,0.002315
63.733,0.0085,0.07652,0.4585,0.005855
63.8,0.00055,0.096,0.4506,0.009216
63.867,0.0043,0.06065,0.4457,0.003679
63.933,0.00754,0.03883,0.4425,0.001508
64.0,0.00948,0.04594,0.4405,0.00211
64.067,0.01366,0.04077,0.4363,0.001662
64.133,0.01491,0.00697,0.4351,4.9e-05
64.2,0.01273,0.02982,0.4373,0.000889
64.267,0.01094,0.04044,0.4391,0.001635
64.333,0.00734,0.06516,0.4427,0.004246
64.4,0.00225,0.05911,0.4478,0.003494
64.467,0.00054,0.0655,0.4505,0.00429
64.533,0.00649,0.07672,0.4565,0.005885
64.6,0.01077,0.04638,0.4608,0.002151
64.667,0.01267,0.03007,0.4627,0.000904
64.733,0.01478,0.01477,0.4648,0.000218
64.8,0.01464,0.02106,0.4646,0.000444
64.867,0.01197,0.05461,0.462,0.002982
64.933,0.00736,0.05856,0.4574,0.003429
65.0,0.00416,0.05186,0.4542,0.00269
65.067,0.00044,0.07853,0.4504,0.006166
65.133,0.00631,0.08668,0.4437,0.007513
65.2,0.01111,0.05554,0.4389,0.003085
65.267,0.01371,0.03333,0.4363,0.001111
65.333,0.01556,0.01276,0.4344,0.000163
65.4,0.01541,0.01736,0.4346,0.000301
65.467,0.01324,0.03025,0.4368,0.000915
65.533,0.01138,0.05349,0.4386,0.002861
65.6,0.00611,0.07524,0.4439,0.005661
65.667,0.00135,0.08303,0.4487,0.006894
65.733,0.00496,0.07396,0.455,0.00547
65.8,0.00851,0.03369,0.4585,0.001135
65.867,0.00945,0.04513,0.4595,0.002037
65.933,0.01453,0.03023,0.4645,0.000914
66.0,0.01348,0.00237,0.4635,6e-06
66.067,0.01485,0.0093,0.4648,8.6e-05
66.133,0.01224,0.07257,0.4622,0.005267
66.2,0.00517,0.07152,0.4552,0.005115
66.267,0.00271,0.03963,0.4527,0.001571
66.333,0.00011,0.07896,0.4499,0.006234
66.4,0.00782,0.08991,0.4422,0.008085
66.467,0.0121,0.03001,0.4379,0.000901
66.533,0.01182,0.01816,0.4382,0.00033
66.6,0.01452,0.00889,0.4355,7.9e-05
66.667,0.01301,0.01904,0.437,0.000363
66.733,0.01198,0.03012,0.438,0.000907
66.8,0.00899,0.04742,0.441,0.002249
66.867,0.00566,0.08282,0.4443,0.006859
66.933,0.00205,0.09434,0.4521,0.0089
67.0,0.00692,0.0699,0.4569,0.004886
67.067,0.01137,0.03901,0.4614,0.001522
67.133,0.01212,0.01889,0.4621,0.000357
67.2,0.01389,0.02774,0.4639,0.000769
67.267,0.01582,0.00263,0.4658,7e-06
67.333,0.01354,0.03319,0.4635,0.001102
67.4,0.01139,0.05149,0.4614,0.002652
67.467,0.00667,0.0824,0.4567,0.006789
67.533,0.00041,0.07711,0.4504,0.005946
67.6,0.00361,0.05766,0.4464,0.003325
67.667,0.00728,0.07111,0.4427,0.005057
67.733,0.01309,0.05534,0.4369,0.003063
67.8,0.01466,0.0072,0.4353,5.2e-05
67.867,0.01405,0.01435,0.436,0.000206
67.933,0.01275,0.02148,0.4373,0.000462
68.0,0.01119,0.04798,0.4388,0.002302
68.067,0.00635,0.0668,0.4437,0.004462
68.133,0.00228,0.06945,0.4477,0.004823
68.2,0.00291,0.06493,0.4529,0.004216
68.267,0.00638,0.07834,0.4564,0.006137
68.333,0.01335,0.06601,0.4634,0.004357
68.4,0.01518,0.00506,0.4652,2.6e-05
68.467,0.01403,0.00397,0.464,1.6e-05
68.533,0.01465,0.01186,0.4647,0.000141
68.6,0.01245,0.05646,0.4624,0.003188
68.667,0.00712,0.05653,0.4571,0.003196
68.733,0.00491,0.05854,0.4549,0.003427
68.8,0.00068,0.07271,0.4493,0.005287
68.867,0.00478,0.06289,0.4452,0.003955
68.933,0.00907,0.06137,0.4409,0.003766
69.0,0.01297,0.04525,0.437,0.002048
69.067,0.0151,0.0254,0.4349,0.000645
69.133,0.01635,0.01178,0.4336,0.000139
69.2,0.01353,0.04577,0.4365,0.002095
69.267,0.01025,0.04696,0.4397,0.002206
69.333,0.00727,0.06754,0.4427,0.004562
69.4,0.00124,0.08108,0.4488,0.006574
69.467,0.00354,0.08599,0.4535,0.007393
69.533,0.01022,0.06307,0.4602,0.003978
69.6,0.01195,0.04264,0.462,0.001818
69.667,0.01591,0.02351,0.4659,0.000552
69.733,0.01508,0.00778,0.4651,6e-05
69.8,0.01487,0.02268,0.4649,0.000514
69.867,0.01206,0.05602,0.4621,0.003138
69.933,0.0074,0.08015,0.4574,0.006425
70.0,0.00137,0.08376,0.4514,0.007016
70.067,0.00377,0.05883,0.4462,0.003461
70.133,0.00647,0.05007,0.4435,0.002507
70.2,0.01045,0.06466,0.4396,0.004181
70.267,0.01509,0.02189,0.4349,0.000479
70.333,0.01336,0.00168,0.4366,3e-06
70.4,0.01532,0.01689,0.4347,0.000285
70.467,0.01111,0.04722,0.4389,0.00223
70.533,0.00902,0.06139,0.441,0.003768
70.6,0.00293,0.05862,0.4471,0.003437
70.667,0.0012,0.07127,0.4488,0.00508
70.733,0.00658,0.08878,0.4566,0.007881
70.8,0.01063,0.04611,0.4606,0.002126
70.867,0.01272,0.01492,0.4627,0.000223
70.933,0.01262,0.01637,0.4626,0.000268
71.0,0.01491,0.00228,0.4649,5e-06
71.067,0.01293,0.03919,0.4629,0.001536
71.133,0.00968,0.06498,0.4597,0.004222
71.2,0.00426,0.06486,0.4543,0.004207
71.267,0.00103,0.0764,0.451,0.005837
71.333,0.00592,0.08966,0.4441,0.00804
71.4,0.01092,0.03995,0.4391,0.001596
71.467,0.01125,0.02711,0.4387,0.000735
71.533,0.01454,0.01502,0.4355,0.000225
71.6,0.01325,0.00867,0.4367,7.5e-05
71.667,0.01338,0.02168,0.4366,0.00047
71.733,0.01036,0.05864,0.4396,0.003438
71.8,0.00556,0.06129,0.4444,0.003756
71.867,0.00219,0.06173,0.4478,0.00381
71.933,0.00267,0.06458,0.4527,0.004171
72.0,0.00642,0.06249,0.4564,0.003905
72.067,0.011,0.04841,0.461,0.002343
72.133,0.01287,0.02671,0.4629,0.000713
72.2,0.01456,0.00447,0.4646,2e-05
72.267,0.01347,0.00661,0.4635,4.4e-05
72.333,0.01368,0.04614,0.4637,0.002129
72.4,0.00732,0.07796,0.4573,0.006078
72.467,0.00328,0.06034,0.4533,0.003641
72.533,0.00073,0.07338,0.4493,0.005384
72.6,0.0065,0.08667,0.4435,0.007511
72.667,0.01228,0.04573,0.4377,0.002091
72.733,0.0126,0.02794,0.4374,0.000781
72.8,0.01601,0.01687,0.434,0.000285
72.867,0.01485,0.02388,0.4352,0.00057
72.933,0.01282,0.03862,0.4372,0.001491
73.0,0.0097,0.07153,0.4403,0.005116
73.067,0.00329,0.07198,0.4467,0.005181
73.133,0.0001,0.07001,0.4499,0.004901
73.2,0.00605,0.0639,0.456,0.004084
73.267,0.00842,0.04832,0.4584,0.002335
73.333,0.01249,0.04787,0.4625,0.002291
73.4,0.0148,0.02875,0.4648,0.000827
73.467,0.01632,0.01423,0.4663,0.000202
73.533,0.01291,0.04687,0.4629,0.002197
73.6,0.01008,0.04807,0.4601,0.002311
73.667,0.0065,0.08534,0.4565,0.007282
73.733,0.0013,0.07215,0.4487,0.005206
73.8,0.00312,0.05427,0.4469,0.002945
73.867,0.00854,0.06606,0.4415,0.004363
73.933,0.01193,0.04937,0.4381,0.002437
74.0,0.01512,0.00743,0.4349,5.5e-05
74.067,0.01292,0.01178,0.4371,0.000139
74.133,0.01355,0.01473,0.4364,0.000217
74.2,0.01096,0.0431,0.439,0.001857
74.267,0.0078,0.06834,0.4422,0.004671
74.333,0.00184,0.07451,0.4482,0.005551
74.4,0.00213,0.06077,0.4521,0.003693
74.467,0.00626,0.04939,0.4563,0.00244
74.533,0.00872,0.0554,0.4587,0.003069
74.6,0.01364,0.0376,0.4636,0.001414
74.667,0.01373,0.0059,0.4637,3.5e-05
74.733,0.01443,0.00842,0.4644,7.1e-05
74.8,0.01261,0.04535,0.4626,0.002057
74.867,0.00838,0.06838,0.4584,0.004676
74.933,0.00349,0.06557,0.4535,0.0043
75.0,0.00036,0.0615,0.4496,0.003782
75.067,0.00471,0.06875,0.4453,0.004727
75.133,0.00952,0.04966,0.4405,0.002466
75.2,0.01133,0.03518,0.4387,0.001237
75.267,0.01421,0.03134,0.4358,0.000982
75.333,0.01551,0.00988,0.4345,9.8e-05
75.4,0.0129,0.03844,0.4371,0.001477
75.467,0.01039,0.05328,0.4396,0.002839
75.533,0.00579,0.07726,0.4442,0.005969
75.6,8e-05,0.082,0.4499,0.006724
75.667,0.00514,0.0684,0.4551,0.004678
75.733,0.00904,0.06451,0.459,0.004162
75.8,0.01374,0.03431,0.4637,0.001177
75.867,0.01361,0.00058,0.4636,0.0
75.933,0.01366,0.01496,0.4637,0.000224
76.0,0.0156,0.0221,0.4656,0.000489
76.067,0.01072,0.06338,0.4607,0.004016
76.133,0.00715,0.06953,0.4572,0.004834
76.2,0.00145,0.06674,0.4514,0.004454
76.267,0.00174,0.07229,0.4483,0.005226
76.333,0.00819,0.07308,0.4418,0.005341
76.4,0.01149,0.0515,0.4385,0.002652
76.467,0.01506,0.02089,0.4349,0.000436
76.533,0.01427,0.00502,0.4357,2.5e-05
76.6,0.01439,0.00646,0.4356,4.2e-05
76.667,0.01341,0.03534,0.4366,0.001249
76.733,0.00968,0.06654,0.4403,0.004427
76.8,0.00454,0.09373,0.4455,0.008785
76.867,0.00282,0.08995,0.4528,0.008092
76.933,0.00745,0.05742,0.4575,0.003297
77.0,0.01047,0.04622,0.4605,0.002137
77.067,0.01362,0.02587,0.4636,0.000669
77.133,0.01392,0.01051,0.4639,0.000111
77.2,0.01502,0.00227,0.465,5e-06
77.267,0.01362,0.0381,0.4636,0.001451
77.333,0.00994,0.0714,0.4599,0.005099
77.4,0.0041,0.07181,0.4541,0.005157
77.467,0.00036,0.07414,0.4504,0.005497
77.533,0.00579,0.07815,0.4442,0.006108
77.6,0.01006,0.04595,0.4399,0.002112
77.667,0.01191,0.03353,0.4381,0.001125
77.733,0.01453,0.03056,0.4355,0.000934
77.8,0.01599,0.00691,0.434,4.8e-05
77.867,0.01361,0.04449,0.4364,0.00198
77.933,0.01005,0.04823,0.4399,0.002326
78.0,0.00718,0.06599,0.4428,0.004355
78.067,0.00126,0.0779,0.4487,0.006069
78.133,0.00321,0.06533,0.4532,0.004268
78.2,0.00746,0.05626,0.4575,0.003165
78.267,0.01071,0.03883,0.4607,0.001507
78.333,0.01263,0.028,0.4626,0.000784
78.4,0.01445,0.00169,0.4644,3e-06
78.467,0.01286,0.01669,0.4629,0.000278
78.533,0.01222,0.03931,0.4622,0.001545
78.6,0.00762,0.08256,0.4576,0.006815
78.667,0.00121,0.06703,0.4512,0.004493
78.733,0.00132,0.04197,0.4487,0.001762
78.8,0.00438,0.07604,0.4456,0.005783
78.867,0.01146,0.07051,0.4385,0.004972
78.933,0.01378,0.03016,0.4362,0.00091
79.0,0.01548,0.0005,0.4345,0.0
79.067,0.01385,0.02367,0.4362,0.00056
79.133,0.01233,0.04659,0.4377,0.002171
79.2,0.00764,0.05362,0.4424,0.002875
79.267,0.00518,0.05963,0.4448,0.003556
79.333,0.00031,0.06461,0.4503,0.004174
79.4,0.00344,0.06775,0.4534,0.004589
79.467,0.00935,0.0657,0.4593,0.004316
79.533,0.0122,0.05192,0.4622,0.002696
79.6,0.01627,0.02083,0.4663,0.000434
79.667,0.01497,0.01896,0.465,0.000359
79.733,0.01374,0.01797,0.4637,0.000323
79.8,0.01258,0.05332,0.4626,0.002843
79.867,0.00663,0.08286,0.4566,0.006865
79.933,0.00153,0.07999,0.4515,0.006399
80.0,0.00404,0.07585,0.446,0.005753
80.067,0.00858,0.05362,0.4414,0.002875
80.133,0.01118,0.03737,0.4388,0.001397
80.2,0.01357,0.03805,0.4364,0.001448
80.267,0.01626,0.00941,0.4337,8.9e-05
80.333,0.01482,0.01754,0.4352,0.000308
80.4,0.01392,0.05452,0.4361,0.002973
80.467,0.00755,0.08989,0.4424,0.008079
80.533,0.00193,0.07907,0.4481,0.006252
80.6,0.00299,0.0752,0.453,0.005655
80.667,0.00809,0.05784,0.4581,0.003346
80.733,0.0107,0.04804,0.4607,0.002308
80.8,0.0145,0.04404,0.4645,0.00194
80.867,0.01658,0.00486,0.4666,2.4e-05
80.933,0.01385,0.03585,0.4638,0.001285
81.0,0.0118,0.02404,0.4618,0.000578
81.067,0.01064,0.05658,0.4606,0.003201
81.133,0.00425,0.08816,0.4543,0.007771
81.2,0.00111,0.07459,0.4489,0.005563
81.267,0.00569,0.05741,0.4443,0.003296
81.333,0.00877,0.05515,0.4412,0.003041
81.4,0.01305,0.0501,0.437,0.00251
81.467,0.01544,0.01966,0.4346,0.000387
81.533,0.01567,0.01918,0.4343,0.000368
81.6,0.01289,0.03829,0.4371,0.001466
81.667,0.01056,0.0253,0.4394,0.00064
81.733,0.00951,0.08278,0.4405,0.006852
81.8,0.00048,0.10008,0.4505,0.010017
81.867,0.00383,0.0643,0.4538,0.004134
81.933,0.00905,0.0658,0.459,0.00433
82.0,0.0126,0.05583,0.4626,0.003117
82.067,0.01649,0.0207,0.4665,0.000428
82.133,0.01536,0.02035,0.4654,0.000414
82.2,0.01378,0.03873,0.4638,0.0015
82.267,0.0102,0.05391,0.4602,0.002906
82.333,0.00659,0.05833,0.4566,0.003402
82.4,0.00242,0.06259,0.4524,0.003917
82.467,0.00175,0.07605,0.4482,0.005784
82.533,0.00772,0.08017,0.4423,0.006426
82.6,0.01244,0.05723,0.4376,0.003275
82.667,0.01535,0.00763,0.4347,5.8e-05
82.733,0.01346,0.02229,0.4365,0.000497
82.8,0.01238,0.00514,0.4376,2.6e-05
82.867,0.01277,0.02026,0.4372,0.000411
82.933,0.00968,0.06649,0.4403,0.004421
83.0,0.00391,0.0832,0.4461,0.006922
83.067,0.00142,0.07054,0.4514,0.004976
83.133,0.0055,0.06014,0.4555,0.003616
83.2,0.00944,0.06777,0.4594,0.004593
83.267,0.01453,0.04316,0.4645,0.001862
83.333,0.01519,0.00818,0.4652,6.7e-05
83.4,0.01344,0.01018,0.4634,0.000104
83.467,0.01383,0.03464,0.4638,0.0012
83.533,0.00882,0.0722,0.4588,0.005213
83.6,0.00421,0.05543,0.4542,0.003073
83.667,0.00143,0.05198,0.4514,0.002702
83.733,0.00272,0.0767,0.4473,0.005882
83.8,0.0088,0.07892,0.4412,0.006228
83.867,0.01325,0.03953,0.4368,0.001562
83.933,0.01407,0.00965,0.4359,9.3e-05
84.0,0.01453,0.00678,0.4355,4.6e-05
84.067,0.01316,0.02698,0.4368,0.000728
84.133,0.01094,0.04066,0.4391,0.001653
84.2,0.00774,0.07722,0.4423,0.005963
84.267,0.00064,0.0822,0.4494,0.006757
84.333,0.00322,0.06289,0.4532,0.003956
84.4,0.00775,0.06409,0.4577,0.004108
84.467,0.01176,0.0499,0.4618,0.00249
84.533,0.0144,0.01327,0.4644,0.000176
84.6,0.01353,0.00426,0.4635,1.8e-05
84.667,0.01383,0.02341,0.4638,0.000548
84.733,0.01041,0.03991,0.4604,0.001593
84.8,0.00851,0.05108,0.4585,0.002609
84.867,0.0036,0.07563,0.4536,0.00572
84.933,0.00157,0.06798,0.4484,0.004621
85.0,0.00546,0.05645,0.4445,0.003186
85.067,0.0091,0.05412,0.4409,0.002929
85.133,0.01268,0.04036,0.4373,0.001629
85.2,0.01448,0.00369,0.4355,1.4e-05
85.267,0.01317,0.01817,0.4368,0.00033
85.333,0.01206,0.0269,0.4379,0.000724
85.4,0.00958,0.06189,0.4404,0.003831
85.467,0.00381,0.07865,0.4462,0.006186
85.533,0.00091,0.06214,0.4509,0.003861
85.6,0.00448,0.07593,0.4545,0.005765
85.667,0.01103,0.06758,0.461,0.004567
85.733,0.01349,0.00955,0.4635,9.1e-05
85.8,0.0123,0.01901,0.4623,0.000361
85.867,0.01602,0.00966,0.466,9.3e-05
85.933,0.01359,0.03969,0.4636,0.001576
86.0,0.01073,0.06183,0.4607,0.003822
86.067,0.00535,0.07815,0.4553,0.006107
86.133,0.00031,0.05392,0.4503,0.002908
86.2,0.00184,0.06501,0.4482,0.004227
86.267,0.00836,0.07518,0.4416,0.005652
86.333,0.01187,0.03958,0.4381,0.001567
86.4,0.01364,0.02112,0.4364,0.000446
86.467,0.01468,0.00631,0.4353,4e-05
86.533,0.01448,0.0128,0.4355,0.000164
86.6,0.01298,0.0559,0.437,0.003125
86.667,0.00702,0.07164,0.443,0.005132
86.733,0.00342,0.06299,0.4466,0.003968
86.8,0.00137,0.07776,0.4514,0.006047
86.867,0.00694,0.06828,0.4569,0.004662
86.933,0.01048,0.04648,0.4605,0.00216
87.0,0.01314,0.03585,0.4631,0.001285
87.067,0.01526,0.01665,0.4653,0.000277
87.133,0.01536,0.03501,0.4654,0.001226
87.2,0.01059,0.04418,0.4606,0.001952
87.267,0.00947,0.0411,0.4595,0.001689
87.333,0.00511,0.07848,0.4551,0.00616
87.4,0.00099,0.07573,0.449,0.005736
87.467,0.00499,0.05936,0.445,0.003523
87.533,0.00891,0.06282,0.4411,0.003947
87.6,0.01336,0.03777,0.4366,0.001427
87.667,0.01394,0.01318,0.4361,0.000174
87.733,0.01512,0.00057,0.4349,0.0
87.8,0.01387,0.02985,0.4361,0.000891
87.867,0.01114,0.06362,0.4389,0.004047
87.933,0.00539,0.07503,0.4446,0.00563
88.0,0.00114,0.07834,0.4489,0.006137
88.067,0.00506,0.07371,0.4551,0.005434
88.133,0.00869,0.04606,0.4587,0.002122
88.2,0.0112,0.04103,0.4612,0.001683
88.267,0.01416,0.02742,0.4642,0.000752
88.333,0.01486,0.00286,0.4649,8e-06
88.4,0.01455,0.01162,0.4645,0.000135
88.467,0.01331,0.06874,0.4633,0.004726
88.533,0.00538,0.09243,0.4554,0.008543
88.6,0.00098,0.05517,0.451,0.003044
88.667,0.00198,0.04687,0.448,0.002197
88.733,0.00527,0.06311,0.4447,0.003983
88.8,0.01039,0.07384,0.4396,0.005453
88.867,0.01511,0.03699,0.4349,0.001368
88.933,0.01532,0.00802,0.4347,6.4e-05
89.0,0.01404,0.02557,0.436,0.000654
89.067,0.01191,0.05391,0.4381,0.002906
89.133,0.00685,0.06531,0.4431,0.004266
89.2,0.0032,0.05176,0.4468,0.002679
89.267,5e-05,0.0684,0.45,0.004678
89.333,0.00591,0.07698,0.4559,0.005926
89.4,0.01031,0.05462,0.4603,0.002983
89.467,0.0132,0.03607,0.4632,0.001301
89.533,0.01512,0.02194,0.4651,0.000481
89.6,0.01612,0.02318,0.4661,0.000537
89.667,0.01203,0.0523,0.462,0.002736
89.733,0.00915,0.05383,0.4591,0.002897
89.8,0.00485,0.05292,0.4549,0.0028
89.867,0.00209,0.06933,0.4521,0.004806
89.933,0.00439,0.08954,0.4456,0.008018
90.0,0.00984,0.04393,0.4402,0.00193
90.067,0.01025,0.04303,0.4398,0.001852
90.133,0.01558,0.02683,0.4344,0.00072
90.2,0.01383,0.02605,0.4362,0.000678
90.267,0.01211,0.02919,0.4379,0.000852
90.333,0.00993,0.03256,0.4401,0.00106
90.4,0.00777,0.05046,0.4422,0.002546
90.467,0.00321,0.07094,0.4468,0.005033
90.533,0.00169,0.07375,0.4517,0.005438
90.6,0.00663,0.07956,0.4566,0.00633
90.667,0.0123,0.03832,0.4623,0.001469
90.733,0.01174,0.01783,0.4617,0.000318
90.8,0.01468,0.04002,0.4647,0.001602
90.867,0.01707,0.01364,0.4671,0.000186
90.933,0.01286,0.07481,0.4629,0.005596
91.0,0.0071,0.07238,0.4571,0.005238
91.067,0.00321,0.06929,0.4532,0.004801
91.133,0.00214,0.08002,0.4479,0.006403
91.2,0.00746,0.06815,0.4425,0.004644
91.267,0.01123,0.0463,0.4388,0.002144
91.333,0.01363,0.02099,0.4364,0.000441
91.4,0.01403,0.00796,0.436,6.3e-05
91.467,0.0147,0.01493,0.4353,0.000223
91.533,0.01203,0.04188,0.438,0.001754
91.6,0.00911,0.04506,0.4409,0.00203
91.667,0.00603,0.06598,0.444,0.004354
91.733,0.00031,0.07117,0.4497,0.005066
91.8,0.00346,0.07144,0.4535,0.005104
91.867,0.00921,0.0561,0.4592,0.003148
91.933,0.01094,0.03983,0.4609,0.001586
92.0,0.01452,0.03277,0.4645,0.001074
92.067,0.01531,0.01646,0.4653,0.000271
92.133,0.01233,0.04681,0.4623,0.002191
92.2,0.00907,0.04291,0.4591,0.001841
92.267,0.00661,0.05502,0.4566,0.003027
92.333,0.00173,0.07523,0.4517,0.00566
92.4,0.00343,0.08225,0.4466,0.006765
92.467,0.00923,0.06211,0.4408,0.003857
92.533,0.01171,0.02933,0.4383,0.00086
92.6,0.01314,0.02549,0.4369,0.00065
92.667,0.01511,0.01899,0.4349,0.000361
92.733,0.01567,0.01782,0.4343,0.000318
92.8,0.01273,0.05852,0.4373,0.003424
92.867,0.00787,0.08184,0.4421,0.006697
92.933,0.00182,0.07082,0.4482,0.005016
93.0,0.00157,0.06048,0.4516,0.003658
93.067,0.00625,0.06324,0.4562,0.004
93.133,0.01,0.06053,0.46,0.003663
93.2,0.01432,0.02965,0.4643,0.000879
93.267,0.01396,0.01057,0.464,0.000112
93.333,0.01291,0.00852,0.4629,7.3e-05
93.4,0.01282,0.02692,0.4628,0.000725
93.467,0.00932,0.05892,0.4593,0.003472
93.533,0.00497,0.07193,0.455,0.005174
93.6,0.00027,0.07497,0.4497,0.00562
93.667,0.00503,0.07054,0.445,0.004976
93.733,0.00968,0.05958,0.4403,0.00355
93.8,0.01297,0.03031,0.437,0.000919
93.867,0.01372,0.00768,0.4363,5.9e-05
93.933,0.014,0.01247,0.436,0.000156
94.0,0.01206,0.02791,0.4379,0.000779
94.067,0.01028,0.04737,0.4397,0.002244
94.133,0.00574,0.06326,0.4443,0.004001
94.2,0.00184,0.07362,0.4482,0.005421
94.267,0.00408,0.07159,0.4541,0.005125
94.333,0.0077,0.05928,0.4577,0.003514
94.4,0.01198,0.05111,0.462,0.002612
94.467,0.01452,0.02414,0.4645,0.000583
94.533,0.0152,0.00094,0.4652,1e-06
94.6,0.01464,0.04153,0.4646,0.001725
94.667,0.00966,0.04557,0.4597,0.002077
94.733,0.00857,0.04025,0.4586,0.00162
94.8,0.0043,0.08606,0.4543,0.007406
94.867,0.00291,0.0826,0.4471,0.006823
94.933,0.00672,0.05944,0.4433,0.003533
95.0,0.01083,0.05036,0.4392,0.002536
95.067,0.01343,0.04902,0.4366,0.002403
95.133,0.01737,0.01796,0.4326,0.000323
95.2,0.01583,0.05481,0.4342,0.003004
95.267,0.01006,0.04275,0.4399,0.001828
95.333,0.01013,0.05179,0.4399,0.002682
95.4,0.00316,0.06688,0.4468,0.004473
95.467,0.00121,0.06447,0.4488,0.004157
95.533,0.00544,0.09192,0.4554,0.00845
95.6,0.01105,0.05879,0.461,0.003456
95.667,0.01328,0.02103,0.4633,0.000442
95.733,0.01385,0.01773,0.4638,0.000314
95.8,0.01564,0.0079,0.4656,6.2e-05
95.867,0.0128,0.04939,0.4628,0.002439
95.933,0.00906,0.05292,0.4591,0.0028
96.0,0.00574,0.06177,0.4557,0.003816
96.067,0.00082,0.07288,0.4508,0.005311
96.133,0.00398,0.06313,0.446,0.003986
96.2,0.0076,0.06455,0.4424,0.004166
96.267,0.01258,0.05482,0.4374,0.003005
96.333,0.01491,0.01436,0.4351,0.000206
96.4,0.0145,0.00277,0.4355,8e-06
96.467,0.01454,0.02536,0.4355,0.000643
96.533,0.01112,0.06111,0.4389,0.003734
96.6,0.00639,0.05421,0.4436,0.002939
96.667,0.00389,0.05384,0.4461,0.002899
96.733,0.00079,0.08965,0.4508,0.008037
96.8,0.00807,0.08773,0.4581,0.007697
96.867,0.01249,0.04394,0.4625,0.001931
96.933,0.01392,0.01187,0.4639,0.000141
97.0,0.01407,0.00231,0.4641,5e-06
97.067,0.01423,0.01399,0.4642,0.000196
97.133,0.0122,0.03858,0.4622,0.001489
97.2,0.00909,0.06814,0.4591,0.004643
97.267,0.00312,0.08056,0.4531,0.00649
97.333,0.00165,0.06393,0.4483,0.004088
97.4,0.00541,0.06864,0.4446,0.004711
97.467,0.01081,0.06431,0.4392,0.004136
97.533,0.01398,0.02721,0.436,0.00074
97.6,0.01443,0.01059,0.4356,0.000112
97.667,0.01539,0.01242,0.4346,0.000154
97.733,0.01278,0.05515,0.4372,0.003041
97.8,0.00804,0.04953,0.442,0.002453
97.867,0.00617,0.0516,0.4438,0.002663
97.933,0.00116,0.07568,0.4488,0.005728
98.0,0.00392,0.07032,0.4539,0.004944
98.067,0.00822,0.06706,0.4582,0.004497
98.133,0.01286,0.04712,0.4629,0.00222
98.2,0.0145,0.02074,0.4645,0.00043
98.267,0.01562,0.02099,0.4656,0.00044
98.333,0.0117,0.0439,0.4617,0.001927
98.4,0.00977,0.03791,0.4598,0.001437
98.467,0.00665,0.06592,0.4566,0.004346
98.533,0.00098,0.08099,0.451,0.006559
98.6,0.00415,0.06499,0.4458,0.004224
98.667,0.00768,0.06333,0.4423,0.004011
98.733,0.0126,0.04061,0.4374,0.001649
98.8,0.0131,0.02087,0.4369,0.000436
98.867,0.01538,0.00884,0.4346,7.8e-05
98.933,0.01192,0.02541,0.4381,0.000646
99.0,0.01199,0.02578,0.438,0.000665
99.067,0.00848,0.06425,0.4415,0.004128
99.133,0.00342,0.07543,0.4466,0.005689
99.2,0.00158,0.0621,0.4516,0.003856
99.267,0.00485,0.06739,0.4549,0.004542
99.333,0.01056,0.07136,0.4606,0.005092
99.4,0.01437,0.03714,0.4644,0.001379
99.467,0.01551,0.00573,0.4655,3.3e-05
99.533,0.0136,0.02923,0.4636,0.000854
99.6,0.01162,0.03375,0.4616,0.001139
99.667,0.0091,0.04837,0.4591,0.00234
99.733,0.00517,0.07387,0.4552,0.005457
99.8,0.00074,0.07001,0.4493,0.004902
99.867,0.00417,0.07548,0.4458,0.005697
99.933,0.01081,0.05841,0.4392,0.003412
100.0,0.01196,0.02891,0.438,0.000836
100.067,0.01466,0.01366,0.4353,0.000187
100.133,0.01378,0.00568,0.4362,3.2e-05
100.2,0.01391,0.01073,0.4361,0.000115
100.267,0.01235,0.06084,0.4377,0.003701
100.333,0.00579,0.09178,0.4442,0.008423
100.4,0.00011,0.07069,0.4499,0.004997
100.467,0.00363,0.0543,0.4536,0.002948
100.533,0.00713,0.06867,0.4571,0.004716
100.6,0.01279,0.05973,0.4628,0.003567
100.667,0.01509,0.02102,0.4651,0.000442
100.733,0.01559,0.00797,0.4656,6.3e-05
100.8,0.01403,0.03942,0.464,0.001554
100.867,0.01033,0.03571,0.4603,0.001275
100.933,0.00927,0.06155,0.4593,0.003788
101.0,0.00213,0.08324,0.4521,0.006929
101.067,0.00183,0.05535,0.4482,0.003064
101.133,0.00525,0.06564,0.4447,0.004309
101.2,0.01058,0.04804,0.4394,0.002308
101.267,0.01166,0.03151,0.4383,0.000993
101.333,0.01478,0.01281,0.4352,0.000164
101.4,0.01337,0.01708,0.4366,0.000292
101.467,0.01251,0.02936,0.4375,0.000862
101.533,0.00945,0.04056,0.4405,0.001645
101.6,0.0071,0.0857,0.4429,0.007344
101.667,0.00198,0.09618,0.452,0.009252
101.733,0.00572,0.06721,0.4557,0.004517
101.8,0.01094,0.06727,0.4609,0.004526
101.867,0.01469,0.02743,0.4647,0.000752
101.933,0.01459,0.00432,0.4646,1.9e-05
102.0,0.01412,0.00623,0.4641,3.9e-05
102.067,0.01376,0.04497,0.4638,0.002023
102.133,0.00812,0.06473,0.4581,0.004191
102.2,0.00513,0.04881,0.4551,0.002382
102.267,0.00161,0.06633,0.4516,0.0044
102.333,0.00371,0.08676,0.4463,0.007528
102.4,0.00995,0.06813,0.44,0.004641
102.467,0.0128,0.04231,0.4372,0.00179
102.533,0.0156,0.00242,0.4344,6e-06
102.6,0.01312,0.00972,0.4369,9.4e-05
102.667,0.0143,0.00026,0.4357,0.0
102.733,0.01315,0.05403,0.4368,0.00292
102.8,0.0071,0.08132,0.4429,0.006612
102.867,0.00231,0.0639,0.4477,0.004083
102.933,0.00142,0.06522,0.4514,0.004254
103.0,0.00638,0.07936,0.4564,0.006298
103.067,0.01201,0.04833,0.462,0.002336
103.133,0.01283,0.02784,0.4628,0.000775
103.2,0.01572,0.00852,0.4657,7.3e-05
103.267,0.01396,0.02284,0.464,0.000522
103.333,0.01267,0.04019,0.4627,0.001615
103.4,0.00861,0.06116,0.4586,0.00374
103.467,0.00452,0.06036,0.4545,0.003643
103.533,0.00056,0.07464,0.4506,0.005571
103.6,0.00543,0.07436,0.4446,0.00553
103.667,0.00936,0.04979,0.4406,0.002479
103.733,0.01207,0.03746,0.4379,0.001403
103.8,0.01435,0.01841,0.4356,0.000339
103.867,0.01453,0.01869,0.4355,0.000349
103.933,0.01186,0.04507,0.4381,0.002031
104.0,0.00852,0.04533,0.4415,0.002055
104.067,0.00582,0.05999,0.4442,0.003598
104.133,0.00052,0.07343,0.4495,0.005393
104.2,0.00398,0.07185,0.454,0.005163
104.267,0.00906,0.04844,0.4591,0.002346
104.333,0.01043,0.03459,0.4604,0.001196
104.4,0.01367,0.03993,0.4637,0.001594
104.467,0.01576,0.00044,0.4658,0.0
104.533,0.01373,0.02583,0.4637,0.000667
104.6,0.01231,0.03775,0.4623,0.001425
104.667,0.0087,0.06911,0.4587,0.004777
104.733,0.0031,0.07704,0.4531,0.005935
104.8,0.00158,0.07886,0.4484,0.006218
104.867,0.00742,0.06144,0.4426,0.003775
104.933,0.00977,0.05492,0.4402,0.003016
105.0,0.01474,0.04165,0.4353,0.001734
105.067,0.01532,0.011,0.4347,0.000121
105.133,0.01621,0.02664,0.4338,0.00071
105.2,0.01177,0.06707,0.4382,0.004498
105.267,0.00726,0.05733,0.4427,0.003286
105.333,0.00413,0.05725,0.4459,0.003278
105.4,0.00037,0.08981,0.4504,0.008065
105.467,0.00785,0.08285,0.4578,0.006864
105.533,0.01142,0.04101,0.4614,0.001682
105.6,0.01332,0.0284,0.4633,0.000806
105.667,0.0152,0.02003,0.4652,0.000401
105.733,0.01599,0.018,0.466,0.000324
105.8,0.0128,0.04571,0.4628,0.002089
105.867,0.00989,0.05303,0.4599,0.002812
105.933,0.00573,0.07029,0.4557,0.004941
106.0,0.00052,0.08177,0.4505,0.006686
106.067,0.00517,0.0726,0.4448,0.00527
106.133,0.00916,0.05687,0.4408,0.003235
106.2,0.01275,0.05036,0.4372,0.002536
106.267,0.01587,0.01171,0.4341,0.000137
106.333,0.01431,0.01017,0.4357,0.000103
106.4,0.01452,0.03816,0.4355,0.001456
106.467,0.00923,0.06602,0.4408,0.004359
106.533,0.00571,0.05224,0.4443,0.002729
106.6,0.00226,0.05969,0.4477,0.003563
106.667,0.00224,0.06964,0.4522,0.00485
106.733,0.00702,0.07235,0.457,0.005234
106.8,0.01189,0.06683,0.4619,0.004466
106.867,0.01593,0.01697,0.4659,0.000288
106.933,0.01415,0.02788,0.4642,0.000777
107.0,0.01222,0.0167,0.4622,0.000279
107.067,0.01193,0.02036,0.4619,0.000414
107.133,0.0095,0.06597,0.4595,0.004352
107.2,0.00313,0.09826,0.4531,0.009655
107.267,0.0036,0.06927,0.4464,0.004798
107.333,0.00611,0.04687,0.4439,0.002197
107.4,0.00985,0.06725,0.4402,0.004522
107.467,0.01507,0.04123,0.4349,0.0017
107.533,0.01535,0.00011,0.4347,0.0
107.6,0.01506,0.02677,0.4349,0.000717
107.667,0.01178,0.03908,0.4382,0.001527
107.733,0.00985,0.05984,0.4402,0.003581
107.8,0.0038,0.08273,0.4462,0.006844
107.867,0.00118,0.07701,0.4512,0.005931
107.933,0.00647,0.07312,0.4565,0.005347
108.0,0.01093,0.05354,0.4609,0.002866
108.067,0.01361,0.02782,0.4636,0.000774
108.133,0.01464,0.00415,0.4646,1.7e-05
108.2,0.01416,0.00991,0.4642,9.8e-05
108.267,0.01332,0.03491,0.4633,0.001219
108.333,0.00951,0.06513,0.4595,0.004242
108.4,0.00464,0.06119,0.4546,0.003745
108.467,0.00135,0.06112,0.4513,0.003736
108.533,0.00351,0.07253,0.4465,0.005261
108.6,0.00832,0.07201,0.4417,0.005185
108.667,0.01311,0.03448,0.4369,0.001189
108.733,0.01292,0.02207,0.4371,0.000487
108.8,0.01606,0.00019,0.4339,0.0
108.867,0.01295,0.03234,0.4371,0.001046
108.933,0.01174,0.03578,0.4383,0.00128
109.0,0.00818,0.06217,0.4418,0.003865
109.067,0.00345,0.08773,0.4465,0.007696
109.133,0.00352,0.0723,0.4535,0.005227
109.2,0.00619,0.07311,0.4562,0.005345
109.267,0.01327,0.05544,0.4633,0.003074
109.333,0.01358,0.01495,0.4636,0.000224
109.4,0.01526,0.01323,0.4653,0.000175
109.467,0.01534,0.01539,0.4653,0.000237
109.533,0.01321,0.06186,0.4632,0.003827
109.6,0.00709,0.06849,0.4571,0.00469
109.667,0.00408,0.05258,0.4541,0.002765
109.733,8e-05,0.07417,0.4501,0.005501
109.8,0.00581,0.07355,0.4442,0.005409
109.867,0.00972,0.04403,0.4403,0.001938
109.933,0.01168,0.02496,0.4383,0.000623
110.0,0.01305,0.01945,0.4369,0.000378
110.067,0.01427,0.00744,0.4357,5.5e-05
110.133,0.01404,0.02592,0.436,0.000672
110.2,0.01082,0.06768,0.4392,0.00458
110.267,0.00502,0.07987,0.445,0.00638
110.333,0.00017,0.07091,0.4498,0.005028
110.4,0.00443,0.0518,0.4544,0.002683
110.467,0.00674,0.05041,0.4567,0.002541
110.533,0.01116,0.05498,0.4612,0.003022
110.6,0.01407,0.02573,0.4641,0.000662
110.667,0.01459,0.00565,0.4646,3.2e-05
110.733,0.01331,0.01246,0.4633,0.000155
110.8,0.01293,0.04579,0.4629,0.002096
110.867,0.00721,0.07768,0.4572,0.006034
110.933,0.00257,0.06655,0.4526,0.004429
111.0,0.00166,0.07288,0.4483,0.005312
111.067,0.00715,0.06845,0.4429,0.004685
111.133,0.01079,0.0503,0.4392,0.00253
111.2,0.01386,0.02624,0.4361,0.000689
111.267,0.01429,0.00768,0.4357,5.9e-05
111.333,0.01488,0.01473,0.4351,0.000217
111.4,0.01233,0.0383,0.4377,0.001467
111.467,0.00977,0.06074,0.4402,0.00369
111.533,0.00423,0.08362,0.4458,0.006993
111.6,0.00138,0.09078,0.4514,0.008241
111.667,0.00788,0.07979,0.4579,0.006366
111.733,0.01202,0.0498,0.462,0.00248
111.8,0.01452,0.03412,0.4645,0.001164
111.867,0.01657,0.00088,0.4666,1e-06
111.933,0.01463,0.02836,0.4646,0.000804
112.0,0.01278,0.04131,0.4628,0.001707
112.067,0.00913,0.05699,0.4591,0.003248
112.133,0.00519,0.07061,0.4552,0.004986
112.2,0.00029,0.07479,0.4497,0.005594
112.267,0.00479,0.0753,0.4452,0.00567
112.333,0.01033,0.06064,0.4397,0.003677
112.4,0.01287,0.0427,0.4371,0.001824
112.467,0.01602,0.01471,0.434,0.000216
112.533,0.01483,0.02353,0.4352,0.000554
112.6,0.01288,0.03362,0.4371,0.001131
112.667,0.01035,0.04883,0.4397,0.002385
112.733,0.00637,0.05766,0.4436,0.003324
112.8,0.00266,0.07766,0.4473,0.00603
112.867,0.00398,0.07773,0.454,0.006043
112.933,0.0077,0.06157,0.4577,0.00379
113.0,0.01219,0.04918,0.4622,0.002418
113.067,0.01426,0.01502,0.4643,0.000226
113.133,0.01419,0.00178,0.4642,3e-06
113.2,0.0145,0.01524,0.4645,0.000232
113.267,0.01216,0.05287,0.4622,0.002795
113.333,0.00745,0.06337,0.4574,0.004015
113.4,0.00371,0.05907,0.4537,0.00349
113.467,0.00043,0.08015,0.4496,0.006424
113.533,0.00697,0.08098,0.443,0.006558
113.6,0.01123,0.0506,0.4388,0.002561
113.667,0.01372,0.02992,0.4363,0.000895
113.733,0.01522,0.00329,0.4348,1.1e-05
113.8,0.01328,0.02872,0.4367,0.000825
113.867,0.01139,0.03013,0.4386,0.000908
113.933,0.00927,0.05202,0.4407,0.002706
114.0,0.00445,0.07003,0.4455,0.004905
114.067,7e-05,0.07703,0.4501,0.005933
114.133,0.00582,0.06665,0.4558,0.004442
114.2,0.00896,0.05796,0.459,0.00336
114.267,0.01355,0.04632,0.4635,0.002146
114.333,0.01513,0.00777,0.4651,6e-05
114.4,0.01458,0.00134,0.4646,2e-06
114.467,0.01496,0.02983,0.465,0.00089
114.533,0.01061,0.06656,0.4606,0.00443
114.6,0.00608,0.07452,0.4561,0.005553
114.667,0.00067,0.07846,0.4507,0.006156
114.733,0.00438,0.06649,0.4456,0.004421
114.8,0.00819,0.06098,0.4418,0.003719
114.867,0.01251,0.0288,0.4375,0.00083
114.933,0.01203,0.01727,0.438,0.000298
115.0,0.01481,0.00681,0.4352,4.6e-05
115.067,0.01294,0.02716,0.4371,0.000737
115.133,0.01119,0.03264,0.4388,0.001065
115.2,0.00859,0.06305,0.4414,0.003975
115.267,0.00279,0.06244,0.4472,0.003899
115.333,0.00027,0.08018,0.4497,0.006428
115.4,0.0079,0.09338,0.4579,0.008721
115.467,0.01219,0.04521,0.4622,0.002044
115.533,0.01393,0.01612,0.4639,0.00026
115.6,0.01434,0.00216,0.4643,5e-06
115.667,0.01364,0.01262,0.4636,0.000159
115.733,0.01265,0.04059,0.4627,0.001647
115.8,0.00823,0.06676,0.4582,0.004457
115.867,0.00375,0.05952,0.4538,0.003543
115.933,0.0003,0.07991,0.4503,0.006385
116.0,0.0069,0.07744,0.4431,0.005998
116.067,0.01003,0.0437,0.44,0.00191
116.133,0.01273,0.04633,0.4373,0.002147
116.2,0.01621,0.01251,0.4338,0.000156
116.267,0.0144,0.03305,0.4356,0.001092
116.333,0.0118,0.0376,0.4382,0.001414
116.4,0.00938,0.04494,0.4406,0.00202
116.467,0.00581,0.06727,0.4442,0.004525
116.533,0.00041,0.06061,0.4496,0.003673
116.6,0.00227,0.08229,0.4523,0.006771
116.667,0.01056,0.0671,0.4606,0.004502
116.733,0.01122,0.03399,0.4612,0.001155
116.8,0.01509,0.03907,0.4651,0.001527
116.867,0.01643,0.01095,0.4664,0.00012
116.933,0.01363,0.03534,0.4636,0.001249
117.0,0.01172,0.03374,0.4617,0.001139
117.067,0.00913,0.07046,0.4591,0.004965
117.133,0.00232,0.07831,0.4523,0.006132
117.2,0.00131,0.0752,0.4487,0.005655
117.267,0.00771,0.08267,0.4423,0.006835
117.333,0.01234,0.03358,0.4377,0.001128
117.4,0.01218,0.01991,0.4378,0.000396
117.467,0.01499,0.02362,0.435,0.000558
117.533,0.01533,0.0131,0.4347,0.000172
117.6,0.01324,0.04854,0.4368,0.002356
117.667,0.00886,0.06978,0.4411,0.004869
117.733,0.00394,0.08323,0.4461,0.006928
117.8,0.00224,0.06666,0.4522,0.004443
117.867,0.00495,0.06393,0.4549,0.004087
117.933,0.01076,0.06671,0.4608,0.004451
118.0,0.01384,0.03254,0.4638,0.001059
118.067,0.0151,0.00726,0.4651,5.3e-05
118.133,0.01481,0.02618,0.4648,0.000685
118.2,0.01161,0.04534,0.4616,0.002056
118.267,0.00877,0.05906,0.4588,0.003488
118.333,0.00374,0.0667,0.4537,0.004448
118.4,0.00013,0.07618,0.4499,0.005803
118.467,0.00642,0.07113,0.4436,0.00506
118.533,0.00961,0.04055,0.4404,0.001644
118.6,0.01183,0.04014,0.4382,0.001611
118.667,0.01496,0.02244,0.435,0.000503
118.733,0.01482,0.02108,0.4352,0.000444
118.8,0.01215,0.02559,0.4378,0.000655
118.867,0.01141,0.03527,0.4386,0.001244
118.933,0.00745,0.0668,0.4426,0.004462
119.0,0.0025,0.09234,0.4475,0.008528
119.067,0.00486,0.08035,0.4549,0.006457
119.133,0.00821,0.04637,0.4582,0.00215
119.2,0.01104,0.03843,0.461,0.001477
119.267,0.01334,0.03448,0.4633,0.001189
119.333,0.01564,0.00148,0.4656,2e-06
119.4,0.01353,0.03329,0.4635,0.001108
119.467,0.0112,0.04317,0.4612,0.001864
119.533,0.00778,0.05389,0.4578,0.002904
119.6,0.00402,0.06794,0.454,0.004616
119.667,0.00128,0.06633,0.4487,0.004399
119.733,0.00483,0.07722,0.4452,0.005963
119.8,0.01158,0.06165,0.4384,0.003801
119.867,0.01305,0.02264,0.437,0.000513
119.933,0.0146,0.02328,0.4354,0.000542
