timestamp,ppg_sqi,video_sqi,perfusion_index,probe_attached,camera_occluded
0.0,0.72,0.92,0.35,1,0
0.067,0.72,0.92,0.35,1,0
0.133,0.72,0.92,0.35,1,0
0.2,0.72,0.92,0.35,1,0
0.267,0.72,0.92,0.35,1,0
0.333,0.72,0.92,0.35,1,0
0.4,0.72,0.92,0.35,1,0
0.467,0.72,0.92,0.35,1,0
0.533,0.72,0.92,0.35,1,0
0.6,0.72,0.92,0.35,1,0
0.667,0.72,0.92,0.35,1,0
0.733,0.72,0.92,0.35,1,0
0.8,0.72,0.92,0.35,1,0
0.867,0.72,0.92,0.35,1,0
0.933,0.72,0.92,0.35,1,0
1.0,0.72,0.92,0.35,1,0
1.067,0.72,0.92,0.35,1,0
1.133,0.72,0.92,0.35,1,0
1.2,0.72,0.92,0.35,1,0
1.267,0.72,0.92,0.35,1,0
1.333,0.72,0.92,0.35,1,0
1.4,0.72,0.92,0.35,1,0
1.467,0.72,0.92,0.35,1,0
1.533,0.72,0.92,0.35,1,0
1.6,0.72,0.92,0.35,1,0
1.667,0.72,0.92,0.35,1,0
1.733,0.72,0.92,0.35,1,0
1.8,0.72,0.92,0.35,1,0
1.867,0.72,0.92,0.35,1,0
1.933,0.72,0.92,0.35,1,0
2.0,0.72,0.92,0.35,1,0
2.067,0.72,0.92,0.35,1,0
2.133,0.72,0.92,0.35,1,0
2.2,0.72,0.92,0.35,1,0
2.267,0.72,0.92,0.35,1,0
2.333,0.72,0.92,0.35,1,0
2.4,0.72,0.92,0.35,1,0
2.467,0.72,0.92,0.35,1,0
2.533,0.72,0.92,0.35,1,0
2.6,0.72,0.92,0.35,1,0
2.667,0.72,0.92,0.35,1,0
2.733,0.72,0.92,0.35,1,0
2.8,0.72,0.92,0.35,1,0
2.867,0.72,0.92,0.35,1,0
2.933,0.72,0.92,0.35,1,0
3.0,0.72,0.92,0.35,1,0
3.067,0.72,0.92,0.35,1,0
3.133,0.72,0.92,0.35,1,0
3.2,0.72,0.92,0.35,1,0
3.267,0.72,0.92,0.35,1,0
3.333,0.72,0.92,0.35,1,0
3.4,0.72,0.92,0.35,1,0
3.467,0.72,0.92,0.35,1,0
3.533,0.72,0.92,0.35,1,0
3.6,0.72,0.92,0.35,1,0
3.667,0.72,0.92,0.35,1,0
3.733,0.72,0.92,0.35,1,0
3.8,0.72,0.92,0.35,1,0
3.867,0.72,0.92,0.35,1,0
3.933,0.72,0.92,0.35,1,0
4.0,0.72,0.92,0.35,1,0
4.067,0.72,0.92,0.35,1,0
4.133,0.72,0.92,0.35,1,0
4.2,0.72,0.92,0.35,1,0
4.267,0.72,0.92,0.35,1,0
4.333,0.72,0.92,0.35,1,0
4.4,0.72,0.92,0.35,1,0
4.467,0.72,0.92,0.35,1,0
4.533,0.72,0.92,0.35,1,0
4.6,0.72,0.92,0.35,1,0
4.667,0.72,0.92,0.35,1,0
4.733,0.72,0.92,0.35,1,0
4.8,0.72,0.92,0.35,1,0
4.867,0.72,0.92,0.35,1,0
4.933,0.72,0.92,0.35,1,0
5.0,0.72,0.92,0.35,1,0
5.067,0.72,0.92,0.35,1,0
5.133,0.72,0.92,0.35,1,0
5.2,0.72,0.92,0.35,1,0
5.267,0.72,0.92,0.35,1,0
5.333,0.72,0.92,0.35,1,0
5.4,0.72,0.92,0.35,1,0
5.467,0.72,0.92,0.35,1,0
5.533,0.72,0.92,0.35,1,0
5.6,0.72,0.92,0.35,1,0
5.667,0.72,0.92,0.35,1,0
5.733,0.72,0.92,0.35,1,0
5.8,0.72,0.92,0.35,1,0
5.867,0.72,0.92,0.35,1,0
5.933,0.72,0.92,0.35,1,0
6.0,0.72,0.92,0.35,1,0
6.067,0.72,0.92,0.35,1,0
6.133,0.72,0.92,0.35,1,0
6.2,0.72,0.92,0.35,1,0
6.267,0.72,0.92,0.35,1,0
6.333,0.72,0.92,0.35,1,0
6.4,0.72,0.92,0.35,1,0
6.467,0.72,0.92,0.35,1,0
6.533,0.72,0.92,0.35,1,0
6.6,0.72,0.92,0.35,1,0
6.667,0.72,0.92,0.35,1,0
6.733,0.72,0.92,0.35,1,0
6.8,0.72,0.92,0.35,1,0
6.867,0.72,0.92,0.35,1,0
6.933,0.72,0.92,0.35,1,0
7.0,0.72,0.92,0.35,1,0
7.067,0.72,0.92,0.35,1,0
7.133,0.72,0.92,0.35,1,0
7.2,0.72,0.92,0.35,1,0
7.267,0.72,0.92,0.35,1,0
7.333,0.72,0.92,0.35,1,0
7.4,0.72,0.92,0.35,1,0
7.467,0.72,0.92,0.35,1,0
7.533,0.72,0.92,0.35,1,0
7.6,0.72,0.92,0.35,1,0
7.667,0.72,0.92,0.35,1,0
7.733,0.72,0.92,0.35,1,0
7.8,0.72,0.92,0.35,1,0
7.867,0.72,0.92,0.35,1,0
7.933,0.72,0.92,0.35,1,0
8.0,0.72,0.92,0.35,1,0
8.067,0.72,0.92,0.35,1,0
8.133,0.72,0.92,0.35,1,0
8.2,0.72,0.92,0.35,1,0
8.267,0.72,0.92,0.35,1,0
8.333,0.72,0.92,0.35,1,0
8.4,0.72,0.92,0.35,1,0
8.467,0.72,0.92,0.35,1,0
8.533,0.72,0.92,0.35,1,0
8.6,0.72,0.92,0.35,1,0
8.667,0.72,0.92,0.35,1,0
8.733,0.72,0.92,0.35,1,0
8.8,0.72,0.92,0.35,1,0
8.867,0.72,0.92,0.35,1,0
8.933,0.72,0.92,0.35,1,0
9.0,0.72,0.92,0.35,1,0
9.067,0.72,0.92,0.35,1,0
9.133,0.72,0.92,0.35,1,0
9.2,0.72,0.92,0.35,1,0
9.267,0.72,0.92,0.35,1,0
9.333,0.72,0.92,0.35,1,0
9.4,0.72,0.92,0.35,1,0
9.467,0.72,0.92,0.35,1,0
9.533,0.72,0.92,0.35,1,0
9.6,0.72,0.92,0.35,1,0
9.667,0.72,0.92,0.35,1,0
9.733,0.72,0.92,0.35,1,0
9.8,0.72,0.92,0.35,1,0
9.867,0.72,0.92,0.35,1,0
9.933,0.72,0.92,0.35,1,0
10.0,0.72,0.92,0.35,1,0
10.067,0.72,0.92,0.35,1,0
10.133,0.72,0.92,0.35,1,0
10.2,0.72,0.92,0.35,1,0
10.267,0.72,0.92,0.35,1,0
10.333,0.72,0.92,0.35,1,0
10.4,0.72,0.92,0.35,1,0
10.467,0.72,0.92,0.35,1,0
10.533,0.72,0.92,0.35,1,0
10.6,0.72,0.92,0.35,1,0
10.667,0.72,0.92,0.35,1,0
10.733,0.72,0.92,0.35,1,0
10.8,0.72,0.92,0.35,1,0
10.867,0.72,0.92,0.35,1,0
10.933,0.72,0.92,0.35,1,0
11.0,0.72,0.92,0.35,1,0
11.067,0.72,0.92,0.35,1,0
11.133,0.72,0.92,0.35,1,0
11.2,0.72,0.92,0.35,1,0
11.267,0.72,0.92,0.35,1,0
11.333,0.72,0.92,0.35,1,0
11.4,0.72,0.92,0.35,1,0
11.467,0.72,0.92,0.35,1,0
11.533,0.72,0.92,0.35,1,0
11.6,0.72,0.92,0.35,1,0
11.667,0.72,0.92,0.35,1,0
11.733,0.72,0.92,0.35,1,0
11.8,0.72,0.92,0.35,1,0
11.867,0.72,0.92,0.35,1,0
11.933,0.72,0.92,0.35,1,0
12.0,0.72,0.92,0.35,1,0
12.067,0.72,0.92,0.35,1,0
12.133,0.72,0.92,0.35,1,0
12.2,0.72,0.92,0.35,1,0
12.267,0.72,0.92,0.35,1,0
12.333,0.72,0.92,0.35,1,0
12.4,0.72,0.92,0.35,1,0
12.467,0.72,0.92,0.35,1,0
12.533,0.72,0.92,0.35,1,0
12.6,0.72,0.92,0.35,1,0
12.667,0.72,0.92,0.35,1,0
12.733,0.72,0.92,0.35,1,0
12.8,0.72,0.92,0.35,1,0
12.867,0.72,0.92,0.35,1,0
12.933,0.72,0.92,0.35,1,0
13.0,0.72,0.92,0.35,1,0
13.067,0.72,0.92,0.35,1,0
13.133,0.72,0.92,0.35,1,0
13.2,0.72,0.92,0.35,1,0
13.267,0.72,0.92,0.35,1,0
13.333,0.72,0.92,0.35,1,0
13.4,0.72,0.92,0.35,1,0
13.467,0.72,0.92,0.35,1,0
13.533,0.72,0.92,0.35,1,0
13.6,0.72,0.92,0.35,1,0
13.667,0.72,0.92,0.35,1,0
13.733,0.72,0.92,0.35,1,0
13.8,0.72,0.92,0.35,1,0
13.867,0.72,0.92,0.35,1,0
13.933,0.72,0.92,0.35,1,0
14.0,0.72,0.92,0.35,1,0
14.067,0.72,0.92,0.35,1,0
14.133,0.72,0.92,0.35,1,0
14.2,0.72,0.92,0.35,1,0
14.267,0.72,0.92,0.35,1,0
14.333,0.72,0.92,0.35,1,0
14.4,0.72,0.92,0.35,1,0
14.467,0.72,0.92,0.35,1,0
14.533,0.72,0.92,0.35,1,0
14.6,0.72,0.92,0.35,1,0
14.667,0.72,0.92,0.35,1,0
14.733,0.72,0.92,0.35,1,0
14.8,0.72,0.92,0.35,1,0
14.867,0.72,0.92,0.35,1,0
14.933,0.72,0.92,0.35,1,0
15.0,0.72,0.92,0.35,1,0
15.067,0.72,0.92,0.35,1,0
15.133,0.72,0.92,0.35,1,0
15.2,0.72,0.92,0.35,1,0
15.267,0.72,0.92,0.35,1,0
15.333,0.72,0.92,0.35,1,0
15.4,0.72,0.92,0.35,1,0
15.467,0.72,0.92,0.35,1,0
15.533,0.72,0.92,0.35,1,0
15.6,0.72,0.92,0.35,1,0
15.667,0.72,0.92,0.35,1,0
15.733,0.72,0.92,0.35,1,0
15.8,0.72,0.92,0.35,1,0
15.867,0.72,0.92,0.35,1,0
15.933,0.72,0.92,0.35,1,0
16.0,0.72,0.92,0.35,1,0
16.067,0.72,0.92,0.35,1,0
16.133,0.72,0.92,0.35,1,0
16.2,0.72,0.92,0.35,1,0
16.267,0.72,0.92,0.35,1,0
16.333,0.72,0.92,0.35,1,0
16.4,0.72,0.92,0.35,1,0
16.467,0.72,0.92,0.35,1,0
16.533,0.72,0.92,0.35,1,0
16.6,0.72,0.92,0.35,1,0
16.667,0.72,0.92,0.35,1,0
16.733,0.72,0.92,0.35,1,0
16.8,0.72,0.92,0.35,1,0
16.867,0.72,0.92,0.35,1,0
16.933,0.72,0.92,0.35,1,0
17.0,0.72,0.92,0.35,1,0
17.067,0.72,0.92,0.35,1,0
17.133,0.72,0.92,0.35,1,0
17.2,0.72,0.92,0.35,1,0
17.267,0.72,0.92,0.35,1,0
17.333,0.72,0.92,0.35,1,0
17.4,0.72,0.92,0.35,1,0
17.467,0.72,0.92,0.35,1,0
17.533,0.72,0.92,0.35,1,0
17.6,0.72,0.92,0.35,1,0
17.667,0.72,0.92,0.35,1,0
17.733,0.72,0.92,0.35,1,0
17.8,0.72,0.92,0.35,1,0
17.867,0.72,0.92,0.35,1,0
17.933,0.72,0.92,0.35,1,0
18.0,0.72,0.92,0.35,1,0
18.067,0.72,0.92,0.35,1,0
18.133,0.72,0.92,0.35,1,0
18.2,0.72,0.92,0.35,1,0
18.267,0.72,0.92,0.35,1,0
18.333,0.72,0.92,0.35,1,0
18.4,0.72,0.92,0.35,1,0
18.467,0.72,0.92,0.35,1,0
18.533,0.72,0.92,0.35,1,0
18.6,0.72,0.92,0.35,1,0
18.667,0.72,0.92,0.35,1,0
18.733,0.72,0.92,0.35,1,0
18.8,0.72,0.92,0.35,1,0
18.867,0.72,0.92,0.35,1,0
18.933,0.72,0.92,0.35,1,0
19.0,0.72,0.92,0.35,1,0
19.067,0.72,0.92,0.35,1,0
19.133,0.72,0.92,0.35,1,0
19.2,0.72,0.92,0.35,1,0
19.267,0.72,0.92,0.35,1,0
19.333,0.72,0.92,0.35,1,0
19.4,0.72,0.92,0.35,1,0
19.467,0.72,0.92,0.35,1,0
19.533,0.72,0.92,0.35,1,0
19.6,0.72,0.92,0.35,1,0
19.667,0.72,0.92,0.35,1,0
19.733,0.72,0.92,0.35,1,0
19.8,0.72,0.92,0.35,1,0
19.867,0.72,0.92,0.35,1,0
19.933,0.72,0.92,0.35,1,0
20.0,0.72,0.92,0.35,1,0
20.067,0.72,0.92,0.35,1,0
20.133,0.72,0.92,0.35,1,0
20.2,0.72,0.92,0.35,1,0
20.267,0.72,0.92,0.35,1,0
20.333,0.72,0.92,0.35,1,0
20.4,0.72,0.92,0.35,1,0
20.467,0.72,0.92,0.35,1,0
20.533,0.72,0.92,0.35,1,0
20.6,0.72,0.92,0.35,1,0
20.667,0.72,0.92,0.35,1,0
20.733,0.72,0.92,0.35,1,0
20.8,0.72,0.92,0.35,1,0
20.867,0.72,0.92,0.35,1,0
20.933,0.72,0.92,0.35,1,0
21.0,0.72,0.92,0.35,1,0
21.067,0.72,0.92,0.35,1,0
21.133,0.72,0.92,0.35,1,0
21.2,0.72,0.92,0.35,1,0
21.267,0.72,0.92,0.35,1,0
21.333,0.72,0.92,0.35,1,0
21.4,0.72,0.92,0.35,1,0
21.467,0.72,0.92,0.35,1,0
21.533,0.72,0.92,0.35,1,0
21.6,0.72,0.92,0.35,1,0
21.667,0.72,0.92,0.35,1,0
21.733,0.72,0.92,0.35,1,0
21.8,0.72,0.92,0.35,1,0
21.867,0.72,0.92,0.35,1,0
21.933,0.72,0.92,0.35,1,0
22.0,0.72,0.92,0.35,1,0
22.067,0.72,0.92,0.35,1,0
22.133,0.72,0.92,0.35,1,0
22.2,0.72,0.92,0.35,1,0
22.267,0.72,0.92,0.35,1,0
22.333,0.72,0.92,0.35,1,0
22.4,0.72,0.92,0.35,1,0
22.467,0.72,0.92,0.35,1,0
22.533,0.72,0.92,0.35,1,0
22.6,0.72,0.92,0.35,1,0
22.667,0.72,0.92,0.35,1,0
22.733,0.72,0.92,0.35,1,0
22.8,0.72,0.92,0.35,1,0
22.867,0.72,0.92,0.35,1,0
22.933,0.72,0.92,0.35,1,0
23.0,0.72,0.92,0.35,1,0
23.067,0.72,0.92,0.35,1,0
23.133,0.72,0.92,0.35,1,0
23.2,0.72,0.92,0.35,1,0
23.267,0.72,0.92,0.35,1,0
23.333,0.72,0.92,0.35,1,0
23.4,0.72,0.92,0.35,1,0
23.467,0.72,0.92,0.35,1,0
23.533,0.72,0.92,0.35,1,0
23.6,0.72,0.92,0.35,1,0
23.667,0.72,0.92,0.35,1,0
23.733,0.72,0.92,0.35,1,0
23.8,0.72,0.92,0.35,1,0
23.867,0.72,0.92,0.35,1,0
23.933,0.72,0.92,0.35,1,0
24.0,0.72,0.92,0.35,1,0
24.067,0.72,0.92,0.35,1,0
24.133,0.72,0.92,0.35,1,0
24.2,0.72,0.92,0.35,1,0
24.267,0.72,0.92,0.35,1,0
24.333,0.72,0.92,0.35,1,0
24.4,0.72,0.92,0.35,1,0
24.467,0.72,0.92,0.35,1,0
24.533,0.72,0.92,0.35,1,0
24.6,0.72,0.92,0.35,1,0
24.667,0.72,0.92,0.35,1,0
24.733,0.72,0.92,0.35,1,0
24.8,0.72,0.92,0.35,1,0
24.867,0.72,0.92,0.35,1,0
24.933,0.72,0.92,0.35,1,0
25.0,0.72,0.92,0.35,1,0
25.067,0.72,0.92,0.35,1,0
25.133,0.72,0.92,0.35,1,0
25.2,0.72,0.92,0.35,1,0
25.267,0.72,0.92,0.35,1,0
25.333,0.72,0.92,0.35,1,0
25.4,0.72,0.92,0.35,1,0
25.467,0.72,0.92,0.35,1,0
25.533,0.72,0.92,0.35,1,0
25.6,0.72,0.92,0.35,1,0
25.667,0.72,0.92,0.35,1,0
25.733,0.72,0.92,0.35,1,0
25.8,0.72,0.92,0.35,1,0
25.867,0.72,0.92,0.35,1,0
25.933,0.72,0.92,0.35,1,0
26.0,0.72,0.92,0.35,1,0
26.067,0.72,0.92,0.35,1,0
26.133,0.72,0.92,0.35,1,0
26.2,0.72,0.92,0.35,1,0
26.267,0.72,0.92,0.35,1,0
26.333,0.72,0.92,0.35,1,0
26.4,0.72,0.92,0.35,1,0
26.467,0.72,0.92,0.35,1,0
26.533,0.72,0.92,0.35,1,0
26.6,0.72,0.92,0.35,1,0
26.667,0.72,0.92,0.35,1,0
26.733,0.72,0.92,0.35,1,0
26.8,0.72,0.92,0.35,1,0
26.867,0.72,0.92,0.35,1,0
26.933,0.72,0.92,0.35,1,0
27.0,0.72,0.92,0.35,1,0
27.067,0.72,0.92,0.35,1,0
27.133,0.72,0.92,0.35,1,0
27.2,0.72,0.92,0.35,1,0
27.267,0.72,0.92,0.35,1,0
27.333,0.72,0.92,0.35,1,0
27.4,0.72,0.92,0.35,1,0
27.467,0.72,0.92,0.35,1,0
27.533,0.72,0.92,0.35,1,0
27.6,0.72,0.92,0.35,1,0
27.667,0.72,0.92,0.35,1,0
27.733,0.72,0.92,0.35,1,0
27.8,0.72,0.92,0.35,1,0
27.867,0.72,0.92,0.35,1,0
27.933,0.72,0.92,0.35,1,0
28.0,0.72,0.92,0.35,1,0
28.067,0.72,0.92,0.35,1,0
28.133,0.72,0.92,0.35,1,0
28.2,0.72,0.92,0.35,1,0
28.267,0.72,0.92,0.35,1,0
28.333,0.72,0.92,0.35,1,0
28.4,0.72,0.92,0.35,1,0
28.467,0.72,0.92,0.35,1,0
28.533,0.72,0.92,0.35,1,0
28.6,0.72,0.92,0.35,1,0
28.667,0.72,0.92,0.35,1,0
28.733,0.72,0.92,0.35,1,0
28.8,0.72,0.92,0.35,1,0
28.867,0.72,0.92,0.35,1,0
28.933,0.72,0.92,0.35,1,0
29.0,0.72,0.92,0.35,1,0
29.067,0.72,0.92,0.35,1,0
29.133,0.72,0.92,0.35,1,0
29.2,0.72,0.92,0.35,1,0
29.267,0.72,0.92,0.35,1,0
29.333,0.72,0.92,0.35,1,0
29.4,0.72,0.92,0.35,1,0
29.467,0.72,0.92,0.35,1,0
29.533,0.72,0.92,0.35,1,0
29.6,0.72,0.92,0.35,1,0
29.667,0.72,0.92,0.35,1,0
29.733,0.72,0.92,0.35,1,0
29.8,0.72,0.92,0.35,1,0
29.867,0.72,0.92,0.35,1,0
29.933,0.72,0.92,0.35,1,0
30.0,0.72,0.92,0.35,1,0
30.067,0.72,0.92,0.35,1,0
30.133,0.72,0.92,0.35,1,0
30.2,0.72,0.92,0.35,1,0
30.267,0.72,0.92,0.35,1,0
30.333,0.72,0.92,0.35,1,0
30.4,0.72,0.92,0.35,1,0
30.467,0.72,0.92,0.35,1,0
30.533,0.72,0.92,0.35,1,0
30.6,0.72,0.92,0.35,1,0
30.667,0.72,0.92,0.35,1,0
30.733,0.72,0.92,0.35,1,0
30.8,0.72,0.92,0.35,1,0
30.867,0.72,0.92,0.35,1,0
30.933,0.72,0.92,0.35,1,0
31.0,0.72,0.92,0.35,1,0
31.067,0.72,0.92,0.35,1,0
31.133,0.72,0.92,0.35,1,0
31.2,0.72,0.92,0.35,1,0
31.267,0.72,0.92,0.35,1,0
31.333,0.72,0.92,0.35,1,0
31.4,0.72,0.92,0.35,1,0
31.467,0.72,0.92,0.35,1,0
31.533,0.72,0.92,0.35,1,0
31.6,0.72,0.92,0.35,1,0
31.667,0.72,0.92,0.35,1,0
31.733,0.72,0.92,0.35,1,0
31.8,0.72,0.92,0.35,1,0
31.867,0.72,0.92,0.35,1,0
31.933,0.72,0.92,0.35,1,0
32.0,0.72,0.92,0.35,1,0
32.067,0.72,0.92,0.35,1,0
32.133,0.72,0.92,0.35,1,0
32.2,0.72,0.92,0.35,1,0
32.267,0.72,0.92,0.35,1,0
32.333,0.72,0.92,0.35,1,0
32.4,0.72,0.92,0.35,1,0
32.467,0.72,0.92,0.35,1,0
32.533,0.72,0.92,0.35,1,0
32.6,0.72,0.92,0.35,1,0
32.667,0.72,0.92,0.35,1,0
32.733,0.72,0.92,0.35,1,0
32.8,0.72,0.92,0.35,1,0
32.867,0.72,0.92,0.35,1,0
32.933,0.72,0.92,0.35,1,0
33.0,0.72,0.92,0.35,1,0
33.067,0.72,0.92,0.35,1,0
33.133,0.72,0.92,0.35,1,0
33.2,0.72,0.92,0.35,1,0
33.267,0.72,0.92,0.35,1,0
33.333,0.72,0.92,0.35,1,0
33.4,0.72,0.92,0.35,1,0
33.467,0.72,0.92,0.35,1,0
33.533,0.72,0.92,0.35,1,0
33.6,0.72,0.92,0.35,1,0
33.667,0.72,0.92,0.35,1,0
33.733,0.72,0.92,0.35,1,0
33.8,0.72,0.92,0.35,1,0
33.867,0.72,0.92,0.35,1,0
33.933,0.72,0.92,0.35,1,0
34.0,0.72,0.92,0.35,1,0
34.067,0.72,0.92,0.35,1,0
34.133,0.72,0.92,0.35,1,0
34.2,0.72,0.92,0.35,1,0
34.267,0.72,0.92,0.35,1,0
34.333,0.72,0.92,0.35,1,0
34.4,0.72,0.92,0.35,1,0
34.467,0.72,0.92,0.35,1,0
34.533,0.72,0.92,0.35,1,0
34.6,0.72,0.92,0.35,1,0
34.667,0.72,0.92,0.35,1,0
34.733,0.72,0.92,0.35,1,0
34.8,0.72,0.92,0.35,1,0
34.867,0.72,0.92,0.35,1,0
34.933,0.72,0.92,0.35,1,0
35.0,0.72,0.92,0.35,1,0
35.067,0.72,0.92,0.35,1,0
35.133,0.72,0.92,0.35,1,0
35.2,0.72,0.92,0.35,1,0
35.267,0.72,0.92,0.35,1,0
35.333,0.72,0.92,0.35,1,0
35.4,0.72,0.92,0.35,1,0
35.467,0.72,0.92,0.35,1,0
35.533,0.72,0.92,0.35,1,0
35.6,0.72,0.92,0.35,1,0
35.667,0.72,0.92,0.35,1,0
35.733,0.72,0.92,0.35,1,0
35.8,0.72,0.92,0.35,1,0
35.867,0.72,0.92,0.35,1,0
35.933,0.72,0.92,0.35,1,0
36.0,0.72,0.92,0.35,1,0
36.067,0.72,0.92,0.35,1,0
36.133,0.72,0.92,0.35,1,0
36.2,0.72,0.92,0.35,1,0
36.267,0.72,0.92,0.35,1,0
36.333,0.72,0.92,0.35,1,0
36.4,0.72,0.92,0.35,1,0
36.467,0.72,0.92,0.35,1,0
36.533,0.72,0.92,0.35,1,0
36.6,0.72,0.92,0.35,1,0
36.667,0.72,0.92,0.35,1,0
36.733,0.72,0.92,0.35,1,0
36.8,0.72,0.92,0.35,1,0
36.867,0.72,0.92,0.35,1,0
36.933,0.72,0.92,0.35,1,0
37.0,0.72,0.92,0.35,1,0
37.067,0.72,0.92,0.35,1,0
37.133,0.72,0.92,0.35,1,0
37.2,0.72,0.92,0.35,1,0
37.267,0.72,0.92,0.35,1,0
37.333,0.72,0.92,0.35,1,0
37.4,0.72,0.92,0.35,1,0
37.467,0.72,0.92,0.35,1,0
37.533,0.72,0.92,0.35,1,0
37.6,0.72,0.92,0.35,1,0
37.667,0.72,0.92,0.35,1,0
37.733,0.72,0.92,0.35,1,0
37.8,0.72,0.92,0.35,1,0
37.867,0.72,0.92,0.35,1,0
37.933,0.72,0.92,0.35,1,0
38.0,0.72,0.92,0.35,1,0
38.067,0.72,0.92,0.35,1,0
38.133,0.72,0.92,0.35,1,0
38.2,0.72,0.92,0.35,1,0
38.267,0.72,0.92,0.35,1,0
38.333,0.72,0.92,0.35,1,0
38.4,0.72,0.92,0.35,1,0
38.467,0.72,0.92,0.35,1,0
38.533,0.72,0.92,0.35,1,0
38.6,0.72,0.92,0.35,1,0
38.667,0.72,0.92,0.35,1,0
38.733,0.72,0.92,0.35,1,0
38.8,0.72,0.92,0.35,1,0
38.867,0.72,0.92,0.35,1,0
38.933,0.72,0.92,0.35,1,0
39.0,0.72,0.92,0.35,1,0
39.067,0.72,0.92,0.35,1,0
39.133,0.72,0.92,0.35,1,0
39.2,0.72,0.92,0.35,1,0
39.267,0.72,0.92,0.35,1,0
39.333,0.72,0.92,0.35,1,0
39.4,0.72,0.92,0.35,1,0
39.467,0.72,0.92,0.35,1,0
39.533,0.72,0.92,0.35,1,0
39.6,0.72,0.92,0.35,1,0
39.667,0.72,0.92,0.35,1,0
39.733,0.72,0.92,0.35,1,0
39.8,0.72,0.92,0.35,1,0
39.867,0.72,0.92,0.35,1,0
39.933,0.72,0.92,0.35,1,0
40.0,0.72,0.92,0.35,1,0
40.067,0.72,0.92,0.35,1,0
40.133,0.72,0.92,0.35,1,0
40.2,0.72,0.92,0.35,1,0
40.267,0.72,0.92,0.35,1,0
40.333,0.72,0.92,0.35,1,0
40.4,0.72,0.92,0.35,1,0
40.467,0.72,0.92,0.35,1,0
40.533,0.72,0.92,0.35,1,0
40.6,0.72,0.92,0.35,1,0
40.667,0.72,0.92,0.35,1,0
40.733,0.72,0.92,0.35,1,0
40.8,0.72,0.92,0.35,1,0
40.867,0.72,0.92,0.35,1,0
40.933,0.72,0.92,0.35,1,0
41.0,0.72,0.92,0.35,1,0
41.067,0.72,0.92,0.35,1,0
41.133,0.72,0.92,0.35,1,0
41.2,0.72,0.92,0.35,1,0
41.267,0.72,0.92,0.35,1,0
41.333,0.72,0.92,0.35,1,0
41.4,0.72,0.92,0.35,1,0
41.467,0.72,0.92,0.35,1,0
41.533,0.72,0.92,0.35,1,0
41.6,0.72,0.92,0.35,1,0
41.667,0.72,0.92,0.35,1,0
41.733,0.72,0.92,0.35,1,0
41.8,0.72,0.92,0.35,1,0
41.867,0.72,0.92,0.35,1,0
41.933,0.72,0.92,0.35,1,0
42.0,0.72,0.92,0.35,1,0
42.067,0.72,0.92,0.35,1,0
42.133,0.72,0.92,0.35,1,0
42.2,0.72,0.92,0.35,1,0
42.267,0.72,0.92,0.35,1,0
42.333,0.72,0.92,0.35,1,0
42.4,0.72,0.92,0.35,1,0
42.467,0.72,0.92,0.35,1,0
42.533,0.72,0.92,0.35,1,0
42.6,0.72,0.92,0.35,1,0
42.667,0.72,0.92,0.35,1,0
42.733,0.72,0.92,0.35,1,0
42.8,0.72,0.92,0.35,1,0
42.867,0.72,0.92,0.35,1,0
42.933,0.72,0.92,0.35,1,0
43.0,0.72,0.92,0.35,1,0
43.067,0.72,0.92,0.35,1,0
43.133,0.72,0.92,0.35,1,0
43.2,0.72,0.92,0.35,1,0
43.267,0.72,0.92,0.35,1,0
43.333,0.72,0.92,0.35,1,0
43.4,0.72,0.92,0.35,1,0
43.467,0.72,0.92,0.35,1,0
43.533,0.72,0.92,0.35,1,0
43.6,0.72,0.92,0.35,1,0
43.667,0.72,0.92,0.35,1,0
43.733,0.72,0.92,0.35,1,0
43.8,0.72,0.92,0.35,1,0
43.867,0.72,0.92,0.35,1,0
43.933,0.72,0.92,0.35,1,0
44.0,0.72,0.92,0.35,1,0
44.067,0.72,0.92,0.35,1,0
44.133,0.72,0.92,0.35,1,0
44.2,0.72,0.92,0.35,1,0
44.267,0.72,0.92,0.35,1,0
44.333,0.72,0.92,0.35,1,0
44.4,0.72,0.92,0.35,1,0
44.467,0.72,0.92,0.35,1,0
44.533,0.72,0.92,0.35,1,0
44.6,0.72,0.92,0.35,1,0
44.667,0.72,0.92,0.35,1,0
44.733,0.72,0.92,0.35,1,0
44.8,0.72,0.92,0.35,1,0
44.867,0.72,0.92,0.35,1,0
44.933,0.72,0.92,0.35,1,0
45.0,0.72,0.92,0.35,1,0
45.067,0.72,0.92,0.35,1,0
45.133,0.72,0.92,0.35,1,0
45.2,0.72,0.92,0.35,1,0
45.267,0.72,0.92,0.35,1,0
45.333,0.72,0.92,0.35,1,0
45.4,0.72,0.92,0.35,1,0
45.467,0.72,0.92,0.35,1,0
45.533,0.72,0.92,0.35,1,0
45.6,0.72,0.92,0.35,1,0
45.667,0.72,0.92,0.35,1,0
45.733,0.72,0.92,0.35,1,0
45.8,0.72,0.92,0.35,1,0
45.867,0.72,0.92,0.35,1,0
45.933,0.72,0.92,0.35,1,0
46.0,0.72,0.92,0.35,1,0
46.067,0.72,0.92,0.35,1,0
46.133,0.72,0.92,0.35,1,0
46.2,0.72,0.92,0.35,1,0
46.267,0.72,0.92,0.35,1,0
46.333,0.72,0.92,0.35,1,0
46.4,0.72,0.92,0.35,1,0
46.467,0.72,0.92,0.35,1,0
46.533,0.72,0.92,0.35,1,0
46.6,0.72,0.92,0.35,1,0
46.667,0.72,0.92,0.35,1,0
46.733,0.72,0.92,0.35,1,0
46.8,0.72,0.92,0.35,1,0
46.867,0.72,0.92,0.35,1,0
46.933,0.72,0.92,0.35,1,0
47.0,0.72,0.92,0.35,1,0
47.067,0.72,0.92,0.35,1,0
47.133,0.72,0.92,0.35,1,0
47.2,0.72,0.92,0.35,1,0
47.267,0.72,0.92,0.35,1,0
47.333,0.72,0.92,0.35,1,0
47.4,0.72,0.92,0.35,1,0
47.467,0.72,0.92,0.35,1,0
47.533,0.72,0.92,0.35,1,0
47.6,0.72,0.92,0.35,1,0
47.667,0.72,0.92,0.35,1,0
47.733,0.72,0.92,0.35,1,0
47.8,0.72,0.92,0.35,1,0
47.867,0.72,0.92,0.35,1,0
47.933,0.72,0.92,0.35,1,0
48.0,0.72,0.92,0.35,1,0
48.067,0.72,0.92,0.35,1,0
48.133,0.72,0.92,0.35,1,0
48.2,0.72,0.92,0.35,1,0
48.267,0.72,0.92,0.35,1,0
48.333,0.72,0.92,0.35,1,0
48.4,0.72,0.92,0.35,1,0
48.467,0.72,0.92,0.35,1,0
48.533,0.72,0.92,0.35,1,0
48.6,0.72,0.92,0.35,1,0
48.667,0.72,0.92,0.35,1,0
48.733,0.72,0.92,0.35,1,0
48.8,0.72,0.92,0.35,1,0
48.867,0.72,0.92,0.35,1,0
48.933,0.72,0.92,0.35,1,0
49.0,0.72,0.92,0.35,1,0
49.067,0.72,0.92,0.35,1,0
49.133,0.72,0.92,0.35,1,0
49.2,0.72,0.92,0.35,1,0
49.267,0.72,0.92,0.35,1,0
49.333,0.72,0.92,0.35,1,0
49.4,0.72,0.92,0.35,1,0
49.467,0.72,0.92,0.35,1,0
49.533,0.72,0.92,0.35,1,0
49.6,0.72,0.92,0.35,1,0
49.667,0.72,0.92,0.35,1,0
49.733,0.72,0.92,0.35,1,0
49.8,0.72,0.92,0.35,1,0
49.867,0.72,0.92,0.35,1,0
49.933,0.72,0.92,0.35,1,0
50.0,0.72,0.92,0.35,1,0
50.067,0.72,0.92,0.35,1,0
50.133,0.72,0.92,0.35,1,0
50.2,0.72,0.92,0.35,1,0
50.267,0.72,0.92,0.35,1,0
50.333,0.72,0.92,0.35,1,0
50.4,0.72,0.92,0.35,1,0
50.467,0.72,0.92,0.35,1,0
50.533,0.72,0.92,0.35,1,0
50.6,0.72,0.92,0.35,1,0
50.667,0.72,0.92,0.35,1,0
50.733,0.72,0.92,0.35,1,0
50.8,0.72,0.92,0.35,1,0
50.867,0.72,0.92,0.35,1,0
50.933,0.72,0.92,0.35,1,0
51.0,0.72,0.92,0.35,1,0
51.067,0.72,0.92,0.35,1,0
51.133,0.72,0.92,0.35,1,0
51.2,0.72,0.92,0.35,1,0
51.267,0.72,0.92,0.35,1,0
51.333,0.72,0.92,0.35,1,0
51.4,0.72,0.92,0.35,1,0
51.467,0.72,0.92,0.35,1,0
51.533,0.72,0.92,0.35,1,0
51.6,0.72,0.92,0.35,1,0
51.667,0.72,0.92,0.35,1,0
51.733,0.72,0.92,0.35,1,0
51.8,0.72,0.92,0.35,1,0
51.867,0.72,0.92,0.35,1,0
51.933,0.72,0.92,0.35,1,0
52.0,0.72,0.92,0.35,1,0
52.067,0.72,0.92,0.35,1,0
52.133,0.72,0.92,0.35,1,0
52.2,0.72,0.92,0.35,1,0
52.267,0.72,0.92,0.35,1,0
52.333,0.72,0.92,0.35,1,0
52.4,0.72,0.92,0.35,1,0
52.467,0.72,0.92,0.35,1,0
52.533,0.72,0.92,0.35,1,0
52.6,0.72,0.92,0.35,1,0
52.667,0.72,0.92,0.35,1,0
52.733,0.72,0.92,0.35,1,0
52.8,0.72,0.92,0.35,1,0
52.867,0.72,0.92,0.35,1,0
52.933,0.72,0.92,0.35,1,0
53.0,0.72,0.92,0.35,1,0
53.067,0.72,0.92,0.35,1,0
53.133,0.72,0.92,0.35,1,0
53.2,0.72,0.92,0.35,1,0
53.267,0.72,0.92,0.35,1,0
53.333,0.72,0.92,0.35,1,0
53.4,0.72,0.92,0.35,1,0
53.467,0.72,0.92,0.35,1,0
53.533,0.72,0.92,0.35,1,0
53.6,0.72,0.92,0.35,1,0
53.667,0.72,0.92,0.35,1,0
53.733,0.72,0.92,0.35,1,0
53.8,0.72,0.92,0.35,1,0
53.867,0.72,0.92,0.35,1,0
53.933,0.72,0.92,0.35,1,0
54.0,0.72,0.92,0.35,1,0
54.067,0.72,0.92,0.35,1,0
54.133,0.72,0.92,0.35,1,0
54.2,0.72,0.92,0.35,1,0
54.267,0.72,0.92,0.35,1,0
54.333,0.72,0.92,0.35,1,0
54.4,0.72,0.92,0.35,1,0
54.467,0.72,0.92,0.35,1,0
54.533,0.72,0.92,0.35,1,0
54.6,0.72,0.92,0.35,1,0
54.667,0.72,0.92,0.35,1,0
54.733,0.72,0.92,0.35,1,0
54.8,0.72,0.92,0.35,1,0
54.867,0.72,0.92,0.35,1,0
54.933,0.72,0.92,0.35,1,0
55.0,0.72,0.92,0.35,1,0
55.067,0.72,0.92,0.35,1,0
55.133,0.72,0.92,0.35,1,0
55.2,0.72,0.92,0.35,1,0
55.267,0.72,0.92,0.35,1,0
55.333,0.72,0.92,0.35,1,0
55.4,0.72,0.92,0.35,1,0
55.467,0.72,0.92,0.35,1,0
55.533,0.72,0.92,0.35,1,0
55.6,0.72,0.92,0.35,1,0
55.667,0.72,0.92,0.35,1,0
55.733,0.72,0.92,0.35,1,0
55.8,0.72,0.92,0.35,1,0
55.867,0.72,0.92,0.35,1,0
55.933,0.72,0.92,0.35,1,0
56.0,0.72,0.92,0.35,1,0
56.067,0.72,0.92,0.35,1,0
56.133,0.72,0.92,0.35,1,0
56.2,0.72,0.92,0.35,1,0
56.267,0.72,0.92,0.35,1,0
56.333,0.72,0.92,0.35,1,0
56.4,0.72,0.92,0.35,1,0
56.467,0.72,0.92,0.35,1,0
56.533,0.72,0.92,0.35,1,0
56.6,0.72,0.92,0.35,1,0
56.667,0.72,0.92,0.35,1,0
56.733,0.72,0.92,0.35,1,0
56.8,0.72,0.92,0.35,1,0
56.867,0.72,0.92,0.35,1,0
56.933,0.72,0.92,0.35,1,0
57.0,0.72,0.92,0.35,1,0
57.067,0.72,0.92,0.35,1,0
57.133,0.72,0.92,0.35,1,0
57.2,0.72,0.92,0.35,1,0
57.267,0.72,0.92,0.35,1,0
57.333,0.72,0.92,0.35,1,0
57.4,0.72,0.92,0.35,1,0
57.467,0.72,0.92,0.35,1,0
57.533,0.72,0.92,0.35,1,0
57.6,0.72,0.92,0.35,1,0
57.667,0.72,0.92,0.35,1,0
57.733,0.72,0.92,0.35,1,0
57.8,0.72,0.92,0.35,1,0
57.867,0.72,0.92,0.35,1,0
57.933,0.72,0.92,0.35,1,0
58.0,0.72,0.92,0.35,1,0
58.067,0.72,0.92,0.35,1,0
58.133,0.72,0.92,0.35,1,0
58.2,0.72,0.92,0.35,1,0
58.267,0.72,0.92,0.35,1,0
58.333,0.72,0.92,0.35,1,0
58.4,0.72,0.92,0.35,1,0
58.467,0.72,0.92,0.35,1,0
58.533,0.72,0.92,0.35,1,0
58.6,0.72,0.92,0.35,1,0
58.667,0.72,0.92,0.35,1,0
58.733,0.72,0.92,0.35,1,0
58.8,0.72,0.92,0.35,1,0
58.867,0.72,0.92,0.35,1,0
58.933,0.72,0.92,0.35,1,0
59.0,0.72,0.92,0.35,1,0
59.067,0.72,0.92,0.35,1,0
59.133,0.72,0.92,0.35,1,0
59.2,0.72,0.92,0.35,1,0
59.267,0.72,0.92,0.35,1,0
59.333,0.72,0.92,0.35,1,0
59.4,0.72,0.92,0.35,1,0
59.467,0.72,0.92,0.35,1,0
59.533,0.72,0.92,0.35,1,0
59.6,0.72,0.92,0.35,1,0
59.667,0.72,0.92,0.35,1,0
59.733,0.72,0.92,0.35,1,0
59.8,0.72,0.92,0.35,1,0
59.867,0.72,0.92,0.35,1,0
59.933,0.72,0.92,0.35,1,0
60.0,0.72,0.92,0.35,1,0
60.067,0.72,0.92,0.35,1,0
60.133,0.72,0.92,0.35,1,0
60.2,0.72,0.92,0.35,1,0
60.267,0.72,0.92,0.35,1,0
60.333,0.72,0.92,0.35,1,0
60.4,0.72,0.92,0.35,1,0
60.467,0.72,0.92,0.35,1,0
60.533,0.72,0.92,0.35,1,0
60.6,0.72,0.92,0.35,1,0
60.667,0.72,0.92,0.35,1,0
60.733,0.72,0.92,0.35,1,0
60.8,0.72,0.92,0.35,1,0
60.867,0.72,0.92,0.35,1,0
60.933,0.72,0.92,0.35,1,0
61.0,0.72,0.92,0.35,1,0
61.067,0.72,0.92,0.35,1,0
61.133,0.72,0.92,0.35,1,0
61.2,0.72,0.92,0.35,1,0
61.267,0.72,0.92,0.35,1,0
61.333,0.72,0.92,0.35,1,0
61.4,0.72,0.92,0.35,1,0
61.467,0.72,0.92,0.35,1,0
61.533,0.72,0.92,0.35,1,0
61.6,0.72,0.92,0.35,1,0
61.667,0.72,0.92,0.35,1,0
61.733,0.72,0.92,0.35,1,0
61.8,0.72,0.92,0.35,1,0
61.867,0.72,0.92,0.35,1,0
61.933,0.72,0.92,0.35,1,0
62.0,0.72,0.92,0.35,1,0
62.067,0.72,0.92,0.35,1,0
62.133,0.72,0.92,0.35,1,0
62.2,0.72,0.92,0.35,1,0
62.267,0.72,0.92,0.35,1,0
62.333,0.72,0.92,0.35,1,0
62.4,0.72,0.92,0.35,1,0
62.467,0.72,0.92,0.35,1,0
62.533,0.72,0.92,0.35,1,0
62.6,0.72,0.92,0.35,1,0
62.667,0.72,0.92,0.35,1,0
62.733,0.72,0.92,0.35,1,0
62.8,0.72,0.92,0.35,1,0
62.867,0.72,0.92,0.35,1,0
62.933,0.72,0.92,0.35,1,0
63.0,0.72,0.92,0.35,1,0
63.067,0.72,0.92,0.35,1,0
63.133,0.72,0.92,0.35,1,0
63.2,0.72,0.92,0.35,1,0
63.267,0.72,0.92,0.35,1,0
63.333,0.72,0.92,0.35,1,0
63.4,0.72,0.92,0.35,1,0
63.467,0.72,0.92,0.35,1,0
63.533,0.72,0.92,0.35,1,0
63.6,0.72,0.92,0.35,1,0
63.667,0.72,0.92,0.35,1,0
63.733,0.72,0.92,0.35,1,0
63.8,0.72,0.92,0.35,1,0
63.867,0.72,0.92,0.35,1,0
63.933,0.72,0.92,0.35,1,0
64.0,0.72,0.92,0.35,1,0
64.067,0.72,0.92,0.35,1,0
64.133,0.72,0.92,0.35,1,0
64.2,0.72,0.92,0.35,1,0
64.267,0.72,0.92,0.35,1,0
64.333,0.72,0.92,0.35,1,0
64.4,0.72,0.92,0.35,1,0
64.467,0.72,0.92,0.35,1,0
64.533,0.72,0.92,0.35,1,0
64.6,0.72,0.92,0.35,1,0
64.667,0.72,0.92,0.35,1,0
64.733,0.72,0.92,0.35,1,0
64.8,0.72,0.92,0.35,1,0
64.867,0.72,0.92,0.35,1,0
64.933,0.72,0.92,0.35,1,0
65.0,0.72,0.92,0.35,1,0
65.067,0.72,0.92,0.35,1,0
65.133,0.72,0.92,0.35,1,0
65.2,0.72,0.92,0.35,1,0
65.267,0.72,0.92,0.35,1,0
65.333,0.72,0.92,0.35,1,0
65.4,0.72,0.92,0.35,1,0
65.467,0.72,0.92,0.35,1,0
65.533,0.72,0.92,0.35,1,0
65.6,0.72,0.92,0.35,1,0
65.667,0.72,0.92,0.35,1,0
65.733,0.72,0.92,0.35,1,0
65.8,0.72,0.92,0.35,1,0
65.867,0.72,0.92,0.35,1,0
65.933,0.72,0.92,0.35,1,0
66.0,0.72,0.92,0.35,1,0
66.067,0.72,0.92,0.35,1,0
66.133,0.72,0.92,0.35,1,0
66.2,0.72,0.92,0.35,1,0
66.267,0.72,0.92,0.35,1,0
66.333,0.72,0.92,0.35,1,0
66.4,0.72,0.92,0.35,1,0
66.467,0.72,0.92,0.35,1,0
66.533,0.72,0.92,0.35,1,0
66.6,0.72,0.92,0.35,1,0
66.667,0.72,0.92,0.35,1,0
66.733,0.72,0.92,0.35,1,0
66.8,0.72,0.92,0.35,1,0
66.867,0.72,0.92,0.35,1,0
66.933,0.72,0.92,0.35,1,0
67.0,0.72,0.92,0.35,1,0
67.067,0.72,0.92,0.35,1,0
67.133,0.72,0.92,0.35,1,0
67.2,0.72,0.92,0.35,1,0
67.267,0.72,0.92,0.35,1,0
67.333,0.72,0.92,0.35,1,0
67.4,0.72,0.92,0.35,1,0
67.467,0.72,0.92,0.35,1,0
67.533,0.72,0.92,0.35,1,0
67.6,0.72,0.92,0.35,1,0
67.667,0.72,0.92,0.35,1,0
67.733,0.72,0.92,0.35,1,0
67.8,0.72,0.92,0.35,1,0
67.867,0.72,0.92,0.35,1,0
67.933,0.72,0.92,0.35,1,0
68.0,0.72,0.92,0.35,1,0
68.067,0.72,0.92,0.35,1,0
68.133,0.72,0.92,0.35,1,0
68.2,0.72,0.92,0.35,1,0
68.267,0.72,0.92,0.35,1,0
68.333,0.72,0.92,0.35,1,0
68.4,0.72,0.92,0.35,1,0
68.467,0.72,0.92,0.35,1,0
68.533,0.72,0.92,0.35,1,0
68.6,0.72,0.92,0.35,1,0
68.667,0.72,0.92,0.35,1,0
68.733,0.72,0.92,0.35,1,0
68.8,0.72,0.92,0.35,1,0
68.867,0.72,0.92,0.35,1,0
68.933,0.72,0.92,0.35,1,0
69.0,0.72,0.92,0.35,1,0
69.067,0.72,0.92,0.35,1,0
69.133,0.72,0.92,0.35,1,0
69.2,0.72,0.92,0.35,1,0
69.267,0.72,0.92,0.35,1,0
69.333,0.72,0.92,0.35,1,0
69.4,0.72,0.92,0.35,1,0
69.467,0.72,0.92,0.35,1,0
69.533,0.72,0.92,0.35,1,0
69.6,0.72,0.92,0.35,1,0
69.667,0.72,0.92,0.35,1,0
69.733,0.72,0.92,0.35,1,0
69.8,0.72,0.92,0.35,1,0
69.867,0.72,0.92,0.35,1,0
69.933,0.72,0.92,0.35,1,0
70.0,0.72,0.92,0.35,1,0
70.067,0.72,0.92,0.35,1,0
70.133,0.72,0.92,0.35,1,0
70.2,0.72,0.92,0.35,1,0
70.267,0.72,0.92,0.35,1,0
70.333,0.72,0.92,0.35,1,0
70.4,0.72,0.92,0.35,1,0
70.467,0.72,0.92,0.35,1,0
70.533,0.72,0.92,0.35,1,0
70.6,0.72,0.92,0.35,1,0
70.667,0.72,0.92,0.35,1,0
70.733,0.72,0.92,0.35,1,0
70.8,0.72,0.92,0.35,1,0
70.867,0.72,0.92,0.35,1,0
70.933,0.72,0.92,0.35,1,0
71.0,0.72,0.92,0.35,1,0
71.067,0.72,0.92,0.35,1,0
71.133,0.72,0.92,0.35,1,0
71.2,0.72,0.92,0.35,1,0
71.267,0.72,0.92,0.35,1,0
71.333,0.72,0.92,0.35,1,0
71.4,0.72,0.92,0.35,1,0
71.467,0.72,0.92,0.35,1,0
71.533,0.72,0.92,0.35,1,0
71.6,0.72,0.92,0.35,1,0
71.667,0.72,0.92,0.35,1,0
71.733,0.72,0.92,0.35,1,0
71.8,0.72,0.92,0.35,1,0
71.867,0.72,0.92,0.35,1,0
71.933,0.72,0.92,0.35,1,0
72.0,0.72,0.92,0.35,1,0
72.067,0.72,0.92,0.35,1,0
72.133,0.72,0.92,0.35,1,0
72.2,0.72,0.92,0.35,1,0
72.267,0.72,0.92,0.35,1,0
72.333,0.72,0.92,0.35,1,0
72.4,0.72,0.92,0.35,1,0
72.467,0.72,0.92,0.35,1,0
72.533,0.72,0.92,0.35,1,0
72.6,0.72,0.92,0.35,1,0
72.667,0.72,0.92,0.35,1,0
72.733,0.72,0.92,0.35,1,0
72.8,0.72,0.92,0.35,1,0
72.867,0.72,0.92,0.35,1,0
72.933,0.72,0.92,0.35,1,0
73.0,0.72,0.92,0.35,1,0
73.067,0.72,0.92,0.35,1,0
73.133,0.72,0.92,0.35,1,0
73.2,0.72,0.92,0.35,1,0
73.267,0.72,0.92,0.35,1,0
73.333,0.72,0.92,0.35,1,0
73.4,0.72,0.92,0.35,1,0
73.467,0.72,0.92,0.35,1,0
73.533,0.72,0.92,0.35,1,0
73.6,0.72,0.92,0.35,1,0
73.667,0.72,0.92,0.35,1,0
73.733,0.72,0.92,0.35,1,0
73.8,0.72,0.92,0.35,1,0
73.867,0.72,0.92,0.35,1,0
73.933,0.72,0.92,0.35,1,0
74.0,0.72,0.92,0.35,1,0
74.067,0.72,0.92,0.35,1,0
74.133,0.72,0.92,0.35,1,0
74.2,0.72,0.92,0.35,1,0
74.267,0.72,0.92,0.35,1,0
74.333,0.72,0.92,0.35,1,0
74.4,0.72,0.92,0.35,1,0
74.467,0.72,0.92,0.35,1,0
74.533,0.72,0.92,0.35,1,0
74.6,0.72,0.92,0.35,1,0
74.667,0.72,0.92,0.35,1,0
74.733,0.72,0.92,0.35,1,0
74.8,0.72,0.92,0.35,1,0
74.867,0.72,0.92,0.35,1,0
74.933,0.72,0.92,0.35,1,0
75.0,0.72,0.92,0.35,1,0
75.067,0.72,0.92,0.35,1,0
75.133,0.72,0.92,0.35,1,0
75.2,0.72,0.92,0.35,1,0
75.267,0.72,0.92,0.35,1,0
75.333,0.72,0.92,0.35,1,0
75.4,0.72,0.92,0.35,1,0
75.467,0.72,0.92,0.35,1,0
75.533,0.72,0.92,0.35,1,0
75.6,0.72,0.92,0.35,1,0
75.667,0.72,0.92,0.35,1,0
75.733,0.72,0.92,0.35,1,0
75.8,0.72,0.92,0.35,1,0
75.867,0.72,0.92,0.35,1,0
75.933,0.72,0.92,0.35,1,0
76.0,0.72,0.92,0.35,1,0
76.067,0.72,0.92,0.35,1,0
76.133,0.72,0.92,0.35,1,0
76.2,0.72,0.92,0.35,1,0
76.267,0.72,0.92,0.35,1,0
76.333,0.72,0.92,0.35,1,0
76.4,0.72,0.92,0.35,1,0
76.467,0.72,0.92,0.35,1,0
76.533,0.72,0.92,0.35,1,0
76.6,0.72,0.92,0.35,1,0
76.667,0.72,0.92,0.35,1,0
76.733,0.72,0.92,0.35,1,0
76.8,0.72,0.92,0.35,1,0
76.867,0.72,0.92,0.35,1,0
76.933,0.72,0.92,0.35,1,0
77.0,0.72,0.92,0.35,1,0
77.067,0.72,0.92,0.35,1,0
77.133,0.72,0.92,0.35,1,0
77.2,0.72,0.92,0.35,1,0
77.267,0.72,0.92,0.35,1,0
77.333,0.72,0.92,0.35,1,0
77.4,0.72,0.92,0.35,1,0
77.467,0.72,0.92,0.35,1,0
77.533,0.72,0.92,0.35,1,0
77.6,0.72,0.92,0.35,1,0
77.667,0.72,0.92,0.35,1,0
77.733,0.72,0.92,0.35,1,0
77.8,0.72,0.92,0.35,1,0
77.867,0.72,0.92,0.35,1,0
77.933,0.72,0.92,0.35,1,0
78.0,0.72,0.92,0.35,1,0
78.067,0.72,0.92,0.35,1,0
78.133,0.72,0.92,0.35,1,0
78.2,0.72,0.92,0.35,1,0
78.267,0.72,0.92,0.35,1,0
78.333,0.72,0.92,0.35,1,0
78.4,0.72,0.92,0.35,1,0
78.467,0.72,0.92,0.35,1,0
78.533,0.72,0.92,0.35,1,0
78.6,0.72,0.92,0.35,1,0
78.667,0.72,0.92,0.35,1,0
78.733,0.72,0.92,0.35,1,0
78.8,0.72,0.92,0.35,1,0
78.867,0.72,0.92,0.35,1,0
78.933,0.72,0.92,0.35,1,0
79.0,0.72,0.92,0.35,1,0
79.067,0.72,0.92,0.35,1,0
79.133,0.72,0.92,0.35,1,0
79.2,0.72,0.92,0.35,1,0
79.267,0.72,0.92,0.35,1,0
79.333,0.72,0.92,0.35,1,0
79.4,0.72,0.92,0.35,1,0
79.467,0.72,0.92,0.35,1,0
79.533,0.72,0.92,0.35,1,0
79.6,0.72,0.92,0.35,1,0
79.667,0.72,0.92,0.35,1,0
79.733,0.72,0.92,0.35,1,0
79.8,0.72,0.92,0.35,1,0
79.867,0.72,0.92,0.35,1,0
79.933,0.72,0.92,0.35,1,0
80.0,0.72,0.92,0.35,1,0
80.067,0.72,0.92,0.35,1,0
80.133,0.72,0.92,0.35,1,0
80.2,0.72,0.92,0.35,1,0
80.267,0.72,0.92,0.35,1,0
80.333,0.72,0.92,0.35,1,0
80.4,0.72,0.92,0.35,1,0
80.467,0.72,0.92,0.35,1,0
80.533,0.72,0.92,0.35,1,0
80.6,0.72,0.92,0.35,1,0
80.667,0.72,0.92,0.35,1,0
80.733,0.72,0.92,0.35,1,0
80.8,0.72,0.92,0.35,1,0
80.867,0.72,0.92,0.35,1,0
80.933,0.72,0.92,0.35,1,0
81.0,0.72,0.92,0.35,1,0
81.067,0.72,0.92,0.35,1,0
81.133,0.72,0.92,0.35,1,0
81.2,0.72,0.92,0.35,1,0
81.267,0.72,0.92,0.35,1,0
81.333,0.72,0.92,0.35,1,0
81.4,0.72,0.92,0.35,1,0
81.467,0.72,0.92,0.35,1,0
81.533,0.72,0.92,0.35,1,0
81.6,0.72,0.92,0.35,1,0
81.667,0.72,0.92,0.35,1,0
81.733,0.72,0.92,0.35,1,0
81.8,0.72,0.92,0.35,1,0
81.867,0.72,0.92,0.35,1,0
81.933,0.72,0.92,0.35,1,0
82.0,0.72,0.92,0.35,1,0
82.067,0.72,0.92,0.35,1,0
82.133,0.72,0.92,0.35,1,0
82.2,0.72,0.92,0.35,1,0
82.267,0.72,0.92,0.35,1,0
82.333,0.72,0.92,0.35,1,0
82.4,0.72,0.92,0.35,1,0
82.467,0.72,0.92,0.35,1,0
82.533,0.72,0.92,0.35,1,0
82.6,0.72,0.92,0.35,1,0
82.667,0.72,0.92,0.35,1,0
82.733,0.72,0.92,0.35,1,0
82.8,0.72,0.92,0.35,1,0
82.867,0.72,0.92,0.35,1,0
82.933,0.72,0.92,0.35,1,0
83.0,0.72,0.92,0.35,1,0
83.067,0.72,0.92,0.35,1,0
83.133,0.72,0.92,0.35,1,0
83.2,0.72,0.92,0.35,1,0
83.267,0.72,0.92,0.35,1,0
83.333,0.72,0.92,0.35,1,0
83.4,0.72,0.92,0.35,1,0
83.467,0.72,0.92,0.35,1,0
83.533,0.72,0.92,0.35,1,0
83.6,0.72,0.92,0.35,1,0
83.667,0.72,0.92,0.35,1,0
83.733,0.72,0.92,0.35,1,0
83.8,0.72,0.92,0.35,1,0
83.867,0.72,0.92,0.35,1,0
83.933,0.72,0.92,0.35,1,0
84.0,0.72,0.92,0.35,1,0
84.067,0.72,0.92,0.35,1,0
84.133,0.72,0.92,0.35,1,0
84.2,0.72,0.92,0.35,1,0
84.267,0.72,0.92,0.35,1,0
84.333,0.72,0.92,0.35,1,0
84.4,0.72,0.92,0.35,1,0
84.467,0.72,0.92,0.35,1,0
84.533,0.72,0.92,0.35,1,0
84.6,0.72,0.92,0.35,1,0
84.667,0.72,0.92,0.35,1,0
84.733,0.72,0.92,0.35,1,0
84.8,0.72,0.92,0.35,1,0
84.867,0.72,0.92,0.35,1,0
84.933,0.72,0.92,0.35,1,0
85.0,0.72,0.92,0.35,1,0
85.067,0.72,0.92,0.35,1,0
85.133,0.72,0.92,0.35,1,0
85.2,0.72,0.92,0.35,1,0
85.267,0.72,0.92,0.35,1,0
85.333,0.72,0.92,0.35,1,0
85.4,0.72,0.92,0.35,1,0
85.467,0.72,0.92,0.35,1,0
85.533,0.72,0.92,0.35,1,0
85.6,0.72,0.92,0.35,1,0
85.667,0.72,0.92,0.35,1,0
85.733,0.72,0.92,0.35,1,0
85.8,0.72,0.92,0.35,1,0
85.867,0.72,0.92,0.35,1,0
85.933,0.72,0.92,0.35,1,0
86.0,0.72,0.92,0.35,1,0
86.067,0.72,0.92,0.35,1,0
86.133,0.72,0.92,0.35,1,0
86.2,0.72,0.92,0.35,1,0
86.267,0.72,0.92,0.35,1,0
86.333,0.72,0.92,0.35,1,0
86.4,0.72,0.92,0.35,1,0
86.467,0.72,0.92,0.35,1,0
86.533,0.72,0.92,0.35,1,0
86.6,0.72,0.92,0.35,1,0
86.667,0.72,0.92,0.35,1,0
86.733,0.72,0.92,0.35,1,0
86.8,0.72,0.92,0.35,1,0
86.867,0.72,0.92,0.35,1,0
86.933,0.72,0.92,0.35,1,0
87.0,0.72,0.92,0.35,1,0
87.067,0.72,0.92,0.35,1,0
87.133,0.72,0.92,0.35,1,0
87.2,0.72,0.92,0.35,1,0
87.267,0.72,0.92,0.35,1,0
87.333,0.72,0.92,0.35,1,0
87.4,0.72,0.92,0.35,1,0
87.467,0.72,0.92,0.35,1,0
87.533,0.72,0.92,0.35,1,0
87.6,0.72,0.92,0.35,1,0
87.667,0.72,0.92,0.35,1,0
87.733,0.72,0.92,0.35,1,0
87.8,0.72,0.92,0.35,1,0
87.867,0.72,0.92,0.35,1,0
87.933,0.72,0.92,0.35,1,0
88.0,0.72,0.92,0.35,1,0
88.067,0.72,0.92,0.35,1,0
88.133,0.72,0.92,0.35,1,0
88.2,0.72,0.92,0.35,1,0
88.267,0.72,0.92,0.35,1,0
88.333,0.72,0.92,0.35,1,0
88.4,0.72,0.92,0.35,1,0
88.467,0.72,0.92,0.35,1,0
88.533,0.72,0.92,0.35,1,0
88.6,0.72,0.92,0.35,1,0
88.667,0.72,0.92,0.35,1,0
88.733,0.72,0.92,0.35,1,0
88.8,0.72,0.92,0.35,1,0
88.867,0.72,0.92,0.35,1,0
88.933,0.72,0.92,0.35,1,0
89.0,0.72,0.92,0.35,1,0
89.067,0.72,0.92,0.35,1,0
89.133,0.72,0.92,0.35,1,0
89.2,0.72,0.92,0.35,1,0
89.267,0.72,0.92,0.35,1,0
89.333,0.72,0.92,0.35,1,0
89.4,0.72,0.92,0.35,1,0
89.467,0.72,0.92,0.35,1,0
89.533,0.72,0.92,0.35,1,0
89.6,0.72,0.92,0.35,1,0
89.667,0.72,0.92,0.35,1,0
89.733,0.72,0.92,0.35,1,0
89.8,0.72,0.92,0.35,1,0
89.867,0.72,0.92,0.35,1,0
89.933,0.72,0.92,0.35,1,0
90.0,0.72,0.92,0.35,1,0
90.067,0.72,0.92,0.35,1,0
90.133,0.72,0.92,0.35,1,0
90.2,0.72,0.92,0.35,1,0
90.267,0.72,0.92,0.35,1,0
90.333,0.72,0.92,0.35,1,0
90.4,0.72,0.92,0.35,1,0
90.467,0.72,0.92,0.35,1,0
90.533,0.72,0.92,0.35,1,0
90.6,0.72,0.92,0.35,1,0
90.667,0.72,0.92,0.35,1,0
90.733,0.72,0.92,0.35,1,0
90.8,0.72,0.92,0.35,1,0
90.867,0.72,0.92,0.35,1,0
90.933,0.72,0.92,0.35,1,0
91.0,0.72,0.92,0.35,1,0
91.067,0.72,0.92,0.35,1,0
91.133,0.72,0.92,0.35,1,0
91.2,0.72,0.92,0.35,1,0
91.267,0.72,0.92,0.35,1,0
91.333,0.72,0.92,0.35,1,0
91.4,0.72,0.92,0.35,1,0
91.467,0.72,0.92,0.35,1,0
91.533,0.72,0.92,0.35,1,0
91.6,0.72,0.92,0.35,1,0
91.667,0.72,0.92,0.35,1,0
91.733,0.72,0.92,0.35,1,0
91.8,0.72,0.92,0.35,1,0
91.867,0.72,0.92,0.35,1,0
91.933,0.72,0.92,0.35,1,0
92.0,0.72,0.92,0.35,1,0
92.067,0.72,0.92,0.35,1,0
92.133,0.72,0.92,0.35,1,0
92.2,0.72,0.92,0.35,1,0
92.267,0.72,0.92,0.35,1,0
92.333,0.72,0.92,0.35,1,0
92.4,0.72,0.92,0.35,1,0
92.467,0.72,0.92,0.35,1,0
92.533,0.72,0.92,0.35,1,0
92.6,0.72,0.92,0.35,1,0
92.667,0.72,0.92,0.35,1,0
92.733,0.72,0.92,0.35,1,0
92.8,0.72,0.92,0.35,1,0
92.867,0.72,0.92,0.35,1,0
92.933,0.72,0.92,0.35,1,0
93.0,0.72,0.92,0.35,1,0
93.067,0.72,0.92,0.35,1,0
93.133,0.72,0.92,0.35,1,0
93.2,0.72,0.92,0.35,1,0
93.267,0.72,0.92,0.35,1,0
93.333,0.72,0.92,0.35,1,0
93.4,0.72,0.92,0.35,1,0
93.467,0.72,0.92,0.35,1,0
93.533,0.72,0.92,0.35,1,0
93.6,0.72,0.92,0.35,1,0
93.667,0.72,0.92,0.35,1,0
93.733,0.72,0.92,0.35,1,0
93.8,0.72,0.92,0.35,1,0
93.867,0.72,0.92,0.35,1,0
93.933,0.72,0.92,0.35,1,0
94.0,0.72,0.92,0.35,1,0
94.067,0.72,0.92,0.35,1,0
94.133,0.72,0.92,0.35,1,0
94.2,0.72,0.92,0.35,1,0
94.267,0.72,0.92,0.35,1,0
94.333,0.72,0.92,0.35,1,0
94.4,0.72,0.92,0.35,1,0
94.467,0.72,0.92,0.35,1,0
94.533,0.72,0.92,0.35,1,0
94.6,0.72,0.92,0.35,1,0
94.667,0.72,0.92,0.35,1,0
94.733,0.72,0.92,0.35,1,0
94.8,0.72,0.92,0.35,1,0
94.867,0.72,0.92,0.35,1,0
94.933,0.72,0.92,0.35,1,0
95.0,0.72,0.92,0.35,1,0
95.067,0.72,0.92,0.35,1,0
95.133,0.72,0.92,0.35,1,0
95.2,0.72,0.92,0.35,1,0
95.267,0.72,0.92,0.35,1,0
95.333,0.72,0.92,0.35,1,0
95.4,0.72,0.92,0.35,1,0
95.467,0.72,0.92,0.35,1,0
95.533,0.72,0.92,0.35,1,0
95.6,0.72,0.92,0.35,1,0
95.667,0.72,0.92,0.35,1,0
95.733,0.72,0.92,0.35,1,0
95.8,0.72,0.92,0.35,1,0
95.867,0.72,0.92,0.35,1,0
95.933,0.72,0.92,0.35,1,0
96.0,0.72,0.92,0.35,1,0
96.067,0.72,0.92,0.35,1,0
96.133,0.72,0.92,0.35,1,0
96.2,0.72,0.92,0.35,1,0
96.267,0.72,0.92,0.35,1,0
96.333,0.72,0.92,0.35,1,0
96.4,0.72,0.92,0.35,1,0
96.467,0.72,0.92,0.35,1,0
96.533,0.72,0.92,0.35,1,0
96.6,0.72,0.92,0.35,1,0
96.667,0.72,0.92,0.35,1,0
96.733,0.72,0.92,0.35,1,0
96.8,0.72,0.92,0.35,1,0
96.867,0.72,0.92,0.35,1,0
96.933,0.72,0.92,0.35,1,0
97.0,0.72,0.92,0.35,1,0
97.067,0.72,0.92,0.35,1,0
97.133,0.72,0.92,0.35,1,0
97.2,0.72,0.92,0.35,1,0
97.267,0.72,0.92,0.35,1,0
97.333,0.72,0.92,0.35,1,0
97.4,0.72,0.92,0.35,1,0
97.467,0.72,0.92,0.35,1,0
97.533,0.72,0.92,0.35,1,0
97.6,0.72,0.92,0.35,1,0
97.667,0.72,0.92,0.35,1,0
97.733,0.72,0.92,0.35,1,0
97.8,0.72,0.92,0.35,1,0
97.867,0.72,0.92,0.35,1,0
97.933,0.72,0.92,0.35,1,0
98.0,0.72,0.92,0.35,1,0
98.067,0.72,0.92,0.35,1,0
98.133,0.72,0.92,0.35,1,0
98.2,0.72,0.92,0.35,1,0
98.267,0.72,0.92,0.35,1,0
98.333,0.72,0.92,0.35,1,0
98.4,0.72,0.92,0.35,1,0
98.467,0.72,0.92,0.35,1,0
98.533,0.72,0.92,0.35,1,0
98.6,0.72,0.92,0.35,1,0
98.667,0.72,0.92,0.35,1,0
98.733,0.72,0.92,0.35,1,0
98.8,0.72,0.92,0.35,1,0
98.867,0.72,0.92,0.35,1,0
98.933,0.72,0.92,0.35,1,0
99.0,0.72,0.92,0.35,1,0
99.067,0.72,0.92,0.35,1,0
99.133,0.72,0.92,0.35,1,0
99.2,0.72,0.92,0.35,1,0
99.267,0.72,0.92,0.35,1,0
99.333,0.72,0.92,0.35,1,0
99.4,0.72,0.92,0.35,1,0
99.467,0.72,0.92,0.35,1,0
99.533,0.72,0.92,0.35,1,0
99.6,0.72,0.92,0.35,1,0
99.667,0.72,0.92,0.35,1,0
99.733,0.72,0.92,0.35,1,0
99.8,0.72,0.92,0.35,1,0
99.867,0.72,0.92,0.35,1,0
99.933,0.72,0.92,0.35,1,0
100.0,0.72,0.92,0.35,1,0
100.067,0.72,0.92,0.35,1,0
100.133,0.72,0.92,0.35,1,0
100.2,0.72,0.92,0.35,1,0
100.267,0.72,0.92,0.35,1,0
100.333,0.72,0.92,0.35,1,0
100.4,0.72,0.92,0.35,1,0
100.467,0.72,0.92,0.35,1,0
100.533,0.72,0.92,0.35,1,0
100.6,0.72,0.92,0.35,1,0
100.667,0.72,0.92,0.35,1,0
100.733,0.72,0.92,0.35,1,0
100.8,0.72,0.92,0.35,1,0
100.867,0.72,0.92,0.35,1,0
100.933,0.72,0.92,0.35,1,0
101.0,0.72,0.92,0.35,1,0
101.067,0.72,0.92,0.35,1,0
101.133,0.72,0.92,0.35,1,0
101.2,0.72,0.92,0.35,1,0
101.267,0.72,0.92,0.35,1,0
101.333,0.72,0.92,0.35,1,0
101.4,0.72,0.92,0.35,1,0
101.467,0.72,0.92,0.35,1,0
101.533,0.72,0.92,0.35,1,0
101.6,0.72,0.92,0.35,1,0
101.667,0.72,0.92,0.35,1,0
101.733,0.72,0.92,0.35,1,0
101.8,0.72,0.92,0.35,1,0
101.867,0.72,0.92,0.35,1,0
101.933,0.72,0.92,0.35,1,0
102.0,0.72,0.92,0.35,1,0
102.067,0.72,0.92,0.35,1,0
102.133,0.72,0.92,0.35,1,0
102.2,0.72,0.92,0.35,1,0
102.267,0.72,0.92,0.35,1,0
102.333,0.72,0.92,0.35,1,0
102.4,0.72,0.92,0.35,1,0
102.467,0.72,0.92,0.35,1,0
102.533,0.72,0.92,0.35,1,0
102.6,0.72,0.92,0.35,1,0
102.667,0.72,0.92,0.35,1,0
102.733,0.72,0.92,0.35,1,0
102.8,0.72,0.92,0.35,1,0
102.867,0.72,0.92,0.35,1,0
102.933,0.72,0.92,0.35,1,0
103.0,0.72,0.92,0.35,1,0
103.067,0.72,0.92,0.35,1,0
103.133,0.72,0.92,0.35,1,0
103.2,0.72,0.92,0.35,1,0
103.267,0.72,0.92,0.35,1,0
103.333,0.72,0.92,0.35,1,0
103.4,0.72,0.92,0.35,1,0
103.467,0.72,0.92,0.35,1,0
103.533,0.72,0.92,0.35,1,0
103.6,0.72,0.92,0.35,1,0
103.667,0.72,0.92,0.35,1,0
103.733,0.72,0.92,0.35,1,0
103.8,0.72,0.92,0.35,1,0
103.867,0.72,0.92,0.35,1,0
103.933,0.72,0.92,0.35,1,0
104.0,0.72,0.92,0.35,1,0
104.067,0.72,0.92,0.35,1,0
104.133,0.72,0.92,0.35,1,0
104.2,0.72,0.92,0.35,1,0
104.267,0.72,0.92,0.35,1,0
104.333,0.72,0.92,0.35,1,0
104.4,0.72,0.92,0.35,1,0
104.467,0.72,0.92,0.35,1,0
104.533,0.72,0.92,0.35,1,0
104.6,0.72,0.92,0.35,1,0
104.667,0.72,0.92,0.35,1,0
104.733,0.72,0.92,0.35,1,0
104.8,0.72,0.92,0.35,1,0
104.867,0.72,0.92,0.35,1,0
104.933,0.72,0.92,0.35,1,0
105.0,0.72,0.92,0.35,1,0
105.067,0.72,0.92,0.35,1,0
105.133,0.72,0.92,0.35,1,0
105.2,0.72,0.92,0.35,1,0
105.267,0.72,0.92,0.35,1,0
105.333,0.72,0.92,0.35,1,0
105.4,0.72,0.92,0.35,1,0
105.467,0.72,0.92,0.35,1,0
105.533,0.72,0.92,0.35,1,0
105.6,0.72,0.92,0.35,1,0
105.667,0.72,0.92,0.35,1,0
105.733,0.72,0.92,0.35,1,0
105.8,0.72,0.92,0.35,1,0
105.867,0.72,0.92,0.35,1,0
105.933,0.72,0.92,0.35,1,0
106.0,0.72,0.92,0.35,1,0
106.067,0.72,0.92,0.35,1,0
106.133,0.72,0.92,0.35,1,0
106.2,0.72,0.92,0.35,1,0
106.267,0.72,0.92,0.35,1,0
106.333,0.72,0.92,0.35,1,0
106.4,0.72,0.92,0.35,1,0
106.467,0.72,0.92,0.35,1,0
106.533,0.72,0.92,0.35,1,0
106.6,0.72,0.92,0.35,1,0
106.667,0.72,0.92,0.35,1,0
106.733,0.72,0.92,0.35,1,0
106.8,0.72,0.92,0.35,1,0
106.867,0.72,0.92,0.35,1,0
106.933,0.72,0.92,0.35,1,0
107.0,0.72,0.92,0.35,1,0
107.067,0.72,0.92,0.35,1,0
107.133,0.72,0.92,0.35,1,0
107.2,0.72,0.92,0.35,1,0
107.267,0.72,0.92,0.35,1,0
107.333,0.72,0.92,0.35,1,0
107.4,0.72,0.92,0.35,1,0
107.467,0.72,0.92,0.35,1,0
107.533,0.72,0.92,0.35,1,0
107.6,0.72,0.92,0.35,1,0
107.667,0.72,0.92,0.35,1,0
107.733,0.72,0.92,0.35,1,0
107.8,0.72,0.92,0.35,1,0
107.867,0.72,0.92,0.35,1,0
107.933,0.72,0.92,0.35,1,0
108.0,0.72,0.92,0.35,1,0
108.067,0.72,0.92,0.35,1,0
108.133,0.72,0.92,0.35,1,0
108.2,0.72,0.92,0.35,1,0
108.267,0.72,0.92,0.35,1,0
108.333,0.72,0.92,0.35,1,0
108.4,0.72,0.92,0.35,1,0
108.467,0.72,0.92,0.35,1,0
108.533,0.72,0.92,0.35,1,0
108.6,0.72,0.92,0.35,1,0
108.667,0.72,0.92,0.35,1,0
108.733,0.72,0.92,0.35,1,0
108.8,0.72,0.92,0.35,1,0
108.867,0.72,0.92,0.35,1,0
108.933,0.72,0.92,0.35,1,0
109.0,0.72,0.92,0.35,1,0
109.067,0.72,0.92,0.35,1,0
109.133,0.72,0.92,0.35,1,0
109.2,0.72,0.92,0.35,1,0
109.267,0.72,0.92,0.35,1,0
109.333,0.72,0.92,0.35,1,0
109.4,0.72,0.92,0.35,1,0
109.467,0.72,0.92,0.35,1,0
109.533,0.72,0.92,0.35,1,0
109.6,0.72,0.92,0.35,1,0
109.667,0.72,0.92,0.35,1,0
109.733,0.72,0.92,0.35,1,0
109.8,0.72,0.92,0.35,1,0
109.867,0.72,0.92,0.35,1,0
109.933,0.72,0.92,0.35,1,0
110.0,0.72,0.92,0.35,1,0
110.067,0.72,0.92,0.35,1,0
110.133,0.72,0.92,0.35,1,0
110.2,0.72,0.92,0.35,1,0
110.267,0.72,0.92,0.35,1,0
110.333,0.72,0.92,0.35,1,0
110.4,0.72,0.92,0.35,1,0
110.467,0.72,0.92,0.35,1,0
110.533,0.72,0.92,0.35,1,0
110.6,0.72,0.92,0.35,1,0
110.667,0.72,0.92,0.35,1,0
110.733,0.72,0.92,0.35,1,0
110.8,0.72,0.92,0.35,1,0
110.867,0.72,0.92,0.35,1,0
110.933,0.72,0.92,0.35,1,0
111.0,0.72,0.92,0.35,1,0
111.067,0.72,0.92,0.35,1,0
111.133,0.72,0.92,0.35,1,0
111.2,0.72,0.92,0.35,1,0
111.267,0.72,0.92,0.35,1,0
111.333,0.72,0.92,0.35,1,0
111.4,0.72,0.92,0.35,1,0
111.467,0.72,0.92,0.35,1,0
111.533,0.72,0.92,0.35,1,0
111.6,0.72,0.92,0.35,1,0
111.667,0.72,0.92,0.35,1,0
111.733,0.72,0.92,0.35,1,0
111.8,0.72,0.92,0.35,1,0
111.867,0.72,0.92,0.35,1,0
111.933,0.72,0.92,0.35,1,0
112.0,0.72,0.92,0.35,1,0
112.067,0.72,0.92,0.35,1,0
112.133,0.72,0.92,0.35,1,0
112.2,0.72,0.92,0.35,1,0
112.267,0.72,0.92,0.35,1,0
112.333,0.72,0.92,0.35,1,0
112.4,0.72,0.92,0.35,1,0
112.467,0.72,0.92,0.35,1,0
112.533,0.72,0.92,0.35,1,0
112.6,0.72,0.92,0.35,1,0
112.667,0.72,0.92,0.35,1,0
112.733,0.72,0.92,0.35,1,0
112.8,0.72,0.92,0.35,1,0
112.867,0.72,0.92,0.35,1,0
112.933,0.72,0.92,0.35,1,0
113.0,0.72,0.92,0.35,1,0
113.067,0.72,0.92,0.35,1,0
113.133,0.72,0.92,0.35,1,0
113.2,0.72,0.92,0.35,1,0
113.267,0.72,0.92,0.35,1,0
113.333,0.72,0.92,0.35,1,0
113.4,0.72,0.92,0.35,1,0
113.467,0.72,0.92,0.35,1,0
113.533,0.72,0.92,0.35,1,0
113.6,0.72,0.92,0.35,1,0
113.667,0.72,0.92,0.35,1,0
113.733,0.72,0.92,0.35,1,0
113.8,0.72,0.92,0.35,1,0
113.867,0.72,0.92,0.35,1,0
113.933,0.72,0.92,0.35,1,0
114.0,0.72,0.92,0.35,1,0
114.067,0.72,0.92,0.35,1,0
114.133,0.72,0.92,0.35,1,0
114.2,0.72,0.92,0.35,1,0
114.267,0.72,0.92,0.35,1,0
114.333,0.72,0.92,0.35,1,0
114.4,0.72,0.92,0.35,1,0
114.467,0.72,0.92,0.35,1,0
114.533,0.72,0.92,0.35,1,0
114.6,0.72,0.92,0.35,1,0
114.667,0.72,0.92,0.35,1,0
114.733,0.72,0.92,0.35,1,0
114.8,0.72,0.92,0.35,1,0
114.867,0.72,0.92,0.35,1,0
114.933,0.72,0.92,0.35,1,0
115.0,0.72,0.92,0.35,1,0
115.067,0.72,0.92,0.35,1,0
115.133,0.72,0.92,0.35,1,0
115.2,0.72,0.92,0.35,1,0
115.267,0.72,0.92,0.35,1,0
115.333,0.72,0.92,0.35,1,0
115.4,0.72,0.92,0.35,1,0
115.467,0.72,0.92,0.35,1,0
115.533,0.72,0.92,0.35,1,0
115.6,0.72,0.92,0.35,1,0
115.667,0.72,0.92,0.35,1,0
115.733,0.72,0.92,0.35,1,0
115.8,0.72,0.92,0.35,1,0
115.867,0.72,0.92,0.35,1,0
115.933,0.72,0.92,0.35,1,0
116.0,0.72,0.92,0.35,1,0
116.067,0.72,0.92,0.35,1,0
116.133,0.72,0.92,0.35,1,0
116.2,0.72,0.92,0.35,1,0
116.267,0.72,0.92,0.35,1,0
116.333,0.72,0.92,0.35,1,0
116.4,0.72,0.92,0.35,1,0
116.467,0.72,0.92,0.35,1,0
116.533,0.72,0.92,0.35,1,0
116.6,0.72,0.92,0.35,1,0
116.667,0.72,0.92,0.35,1,0
116.733,0.72,0.92,0.35,1,0
116.8,0.72,0.92,0.35,1,0
116.867,0.72,0.92,0.35,1,0
116.933,0.72,0.92,0.35,1,0
117.0,0.72,0.92,0.35,1,0
117.067,0.72,0.92,0.35,1,0
117.133,0.72,0.92,0.35,1,0
117.2,0.72,0.92,0.35,1,0
117.267,0.72,0.92,0.35,1,0
117.333,0.72,0.92,0.35,1,0
117.4,0.72,0.92,0.35,1,0
117.467,0.72,0.92,0.35,1,0
117.533,0.72,0.92,0.35,1,0
117.6,0.72,0.92,0.35,1,0
117.667,0.72,0.92,0.35,1,0
117.733,0.72,0.92,0.35,1,0
117.8,0.72,0.92,0.35,1,0
117.867,0.72,0.92,0.35,1,0
117.933,0.72,0.92,0.35,1,0
118.0,0.72,0.92,0.35,1,0
118.067,0.72,0.92,0.35,1,0
118.133,0.72,0.92,0.35,1,0
118.2,0.72,0.92,0.35,1,0
118.267,0.72,0.92,0.35,1,0
118.333,0.72,0.92,0.35,1,0
118.4,0.72,0.92,0.35,1,0
118.467,0.72,0.92,0.35,1,0
118.533,0.72,0.92,0.35,1,0
118.6,0.72,0.92,0.35,1,0
118.667,0.72,0.92,0.35,1,0
118.733,0.72,0.92,0.35,1,0
118.8,0.72,0.92,0.35,1,0
118.867,0.72,0.92,0.35,1,0
118.933,0.72,0.92,0.35,1,0
119.0,0.72,0.92,0.35,1,0
119.067,0.72,0.92,0.35,1,0
119.133,0.72,0.92,0.35,1,0
119.2,0.72,0.92,0.35,1,0
119.267,0.72,0.92,0.35,1,0
119.333,0.72,0.92,0.35,1,0
119.4,0.72,0.92,0.35,1,0
119.467,0.72,0.92,0.35,1,0
119.533,0.72,0.92,0.35,1,0
119.6,0.72,0.92,0.35,1,0
119.667,0.72,0.92,0.35,1,0
119.733,0.72,0.92,0.35,1,0
119.8,0.72,0.92,0.35,1,0
119.867,0.72,0.92,0.35,1,0
119.933,0.72,0.92,0.35,1,0
